text,urgency
"Peripheral neuropathy associated with eosinophilia-myalgia syndrome. In 1989, the Centers for Disease Control recognized the existence of an epidemic illness characterized by myalgia and eosinophilia in individuals taking preparations containing L-tryptophan. We evaluated 3 patients with eosinophilia-myalgia syndrome who presented with subacute progressive neuropathies. The neuropathies were predominantly motor and maximal in the lower extremities. Two patients were confined to a wheelchair and one was ventilator-dependent and bedridden. Sensory loss predominantly involved small fiber modalities. Electrophysiological studies showed multifocal marked conduction slowing and conduction block indicating segmental demyelination, with associated axonal degeneration that was accentuated distally. Examination of sural nerve biopsy specimens demonstrated axonal degeneration in all 3 patients and perivascular infiltrates in 2. Levels of quinolinic acid, a neurotoxic metabolite of L-tryptophan, were elevated in the cerebrospinal fluid in the 2 patients in whom it was measured. The cause of the neuropathy is unknown but may include immune mechanisms or toxicity of eosinophils, L-tryptophan, its metabolic products, or contaminants within L-tryptophan preparations.",normal
"Immunohistochemical study of vascular lesions in severe hypertension induced by DOCA and salt administration to spontaneously hypertensive rats. In order to evaluate whether immunoglobulin deposition in vessels plays some role in the development of vascular lesions in severe hypertension, an immunohistochemical study was performed in spontaneously hypertensive rats (SHRs), to which deoxycorticosterone acetate (DOCA) and salt were administered. DOCA and salt rapidly induced severe hypertensive vascular lesions, including necrotizing arteriolitis and productive endarteritis. In these rats, considerable deposits of IgG and IgM were found in the small arteries and arterioles of the kidneys. These deposits were accompanied by complement (C3), and could be eluted by acid incubation. They were localized in periodic acid-Schiff-positive insudative lesions, which were thought to be an early phase of the hypertensive vascular lesions. These results suggest that the immunoglobulins might be bound to an unknown antigen in the vascular lesions and that some immunological mechanism mediated by the immunoglobulins is involved in the development of vascular lesions in severe hypertension.",urgent
"Atherosclerotic carotid disease and the eye. The evaluation and management of retinal ischemia from atherosclerotic carotid disease is in a state of flux reflected by the change from emphasizing surgical management in the '70s toward skepticism about the benefit of surgery in the '80s. In addition, reliable noninvasive diagnostic testing of the carotid artery has reduced the risk. The decision to consider surgical versus medical management must be made on an individual basis based on the patient's health, age, and the risk of angiography and surgery at each institution. In children and young adults, amaurosis fugax is a benign condition. In the older population amaurosis fugax is often the sentinel event of diffuse atherosclerotic disease and possible early death from myocardial infarction. A team including the neurologist, internist, ophthalmologist, and surgeon optimizes care of the whole disease and not just the symptom. It is hoped that information in the next decade will supply additional guidance in the care of this multifaceted malady.",attention
"Trichothiodystrophy with chronic neutropenia and mild mental retardation. Trichothiodystrophy is a feature of several diseases that consist of characteristic hair shaft abnormalities and a wide spectrum of other developmental defects. Detection of sulfur-deficient hairs identifies this disorder and separates it from other similar ectodermal dysplasias with normal sulfur content. Detection of low sulfur hair syndrome is also important for genetic counseling, because the disease appears to be an autosomal recessive trait. We report a patient with chronic neutropenia, mild mental retardation, and low sulfur content in hair. Our case expands the spectrum of disorders associated with trichothiodystrophy.",normal
"Disseminated Conidiobolus infection with endocarditis in a cocaine abuser. A crack cocaine abuser developed disseminated infection caused by a species of Conidiobolus not known to cause disease in vertebrates. The fungus gained entry via skin abrasions on the lower extremities, spread through the hematogenous route, and caused endocarditis. There was evidence of fungal infection in the lungs, heart, kidneys, skeletal muscles, and brain. An additional complication was extensive rhabdomyolysis, with a marked elevation of creatine kinase of up to 1.2 million U/L.",urgent
"Left ventricular versus left atrial cannulation for the Thoratec ventricular assist device. In a retrospective study of 28 patients (23 men, 5 women) supported with ventricular assist devices greater than 3 days, the effect of LV cannulation versus LA cannulation on device performance was compared. Patients ranged in age from 12 to 67 years (mean 46 years) and were supported for 3-81 days (mean 15 years). Fifteen patients were supported with left VADs (6 LV and 9 LA), and 13 patients were supported with BVADs (5 LV and 8 LA). The mode of operation 91% of the time was the fill-to-empty mode. Ten data points were taken for each patient. LV cannulation results in higher VAD flow index at decreased preload, lower VAD systolic and vacuum pressures, and shorter diastolic durations. Eleven of the 28 patients survived. Although survival was greater in patients with LV cannulation, survival was more dependent upon reversibility of myocardial damage, eligibility for transplantation, or the development of complications. These data indicate that LV cannulation provides better VAD performance than LA cannulation in the fill-to-empty mode.",urgent
"Gleason's histologic grading as clinical prognostic marker in patients with advanced prostatic carcinoma. We have found that the Gleason's histologic grading system is a good clinical marker to predict long-term response and prognosis in symptomatic Stage D-2 adenocarcinoma of the prostate. In this retrospective study, 56 cases were reviewed and correlated with bone scan, acid phosphatase, and symptomatology following bilateral orchiectomy.",attention
"Regression of infundibular pulmonary stenosis after successful balloon pulmonary valvuloplasty in adults. Between July 1985 and March 1988, 22 adult patients with congenital pulmonary stenosis underwent balloon pulmonary valvuloplasty. There were 10 males and 12 females aged 16-45 (average 25 +/- 9.9) years. All patients had additional mild to severe infundibular stenosis; 16 were restudied 6-36 (mean 12.6) months later by repeat catheterization. Student's t-test was used for comparison of data. Right ventricular (RV) systolic pressure before dilatation was 84-196 (mean 129 +/- 32.3) mm Hg, and the peak pulmonary gradient (PPG) was 60-176 (mean 111 +/- 33.2) mm Hg immediately after dilatation. The RV systolic pressure dropped to 32-140 (mean 59.2 +/- 27) (P less than 0.001); and PPG dropped to 10-113 (mean 37.8 +/- 26.4) (P less than 0.001), and the infundibular gradient ranged from 8 to 113 (mean 35.1 +/- 25.8) mm Hg. The infundibular diameter, before dilatation, ranged from 2 to 15 (mean 9.5 +/- 4) mm Hg. At repeat catheterization, the RV systolic pressure dropped further to 33-66 (mean 42.8 +/- 9.7) mm Hg and the PPG was reduced to 0-48 (mean 18.4 +/- 10.9) mm Hg (P less than 0.001). The infundibular gradient regressed to 0-34 (mean 15 +/- 8.8) mm Hg (P less than 0.001). The infundibular diameter increased to 8-25 (mean 15.8 +/- 5.4) (P less than 0.001). It is concluded that moderate to severe infundibular stenosis, in adults, can regress after successful pulmonary valvuloplasty.",urgent
"Crohn's disease and adenocarcinoma of the intestinal tract. Report of four cases. Four patients with intestinal adenocarcinoma complicating Crohn's disease are reported. The youngest of the four patients was a 21-year-old female with a 9-year history of Crohn's disease of the terminal ileum as well as of the entire colon. She developed mucus-producing moderately differentiated adenocarcinoma in the cecum. Of the remaining three patients with Crohn's disease, one presented an adenocarcinoma in the ascending colon, one in the rectum and the remaining one in the duodenum. All three colorectal adenocarcinomas originated in areas of high-grade dysplasia and all four in areas with chronic transmural inflammation. The review of the literature indicates that a total of 174 small and large bowel cancers occurring in Crohn's disease have been recorded (including the four reported herein). The vast majority of the reported cases have been found in the North American subcontinent. Only in a few instances were bowel adenocarcinoma and Crohn's disease observed in the European continent. It is therefore remarkable that three of our four cases were seen within a period of 12 months. Interestingly, six patients having colorectal adenocarcinoma in association with Crohn's disease were recently reported from a single hospital in England. The question therefore arises whether our cases and those reported recently from England are unrelated and merely coincidental or whether carcinomas are now also affecting European CD patients. If the latter is the case, the surveillance policy for patients with CD should be reconsidered at this hospital.",attention
"Arterial blood pressure. Correlation with erythrocyte count, hematocrit, and hemoglobin concentration. The relationship between arterial blood pressure and red blood cell variables was investigated in 1013 unselected persons with a blood pressure range of 90 to 225 mm Hg systolic and 50 to 145 mm Hg diastolic. Statistically significant correlations were demonstrated between mean (as well as systolic and diastolic) arterial blood pressure and red blood cell count (r = 0.27; P less than .0001), hematocrit (r = 0.28; P less than .0001), and hemoglobin concentration (r = 0.29; P less than .0001). Average arterial blood pressure was higher in men than in women (133 +/- 16/83 +/- 10 v 124 +/- 16/79 +/- 9 mm Hg, P less than .0001) and this was associated with higher values for erythrocyte count, hemoglobin concentration, and hematocrit in men as compared to women. The significant correlation of blood pressure and hematocrit, which represents one important determinant of blood viscosity, points to a role for rheological factors in the long-term control of blood pressure. Moreover, it might be speculated that the sex difference in blood pressure as observed in the present study may be due, at least in part, to stimulated erythropoiesis in men as compared to women.",urgent
"Malignant potential of juvenile polyposis coli. Report of a case and review of the literature. Juvenile polyps of the colon and rectum traditionally have been viewed as being benign inflammatory or harmartomatous lesions without potential for malignant change. The authors report a case of adenocarcinoma developing in a patient with sporadic juvenile polyposis. Juvenile polyposis was diagnosed in the patient at age 4 years. He underwent subtotal colectomy at age 6 years. At age 12, he underwent a proctectomy and a Swenson pull-through because of adenomatous changes in the rectal stump. At age 19 surveillance endoscopy revealed invasive cancer in a juvenile polyp.",normal
"Itraconazole therapy for nonmeningeal coccidioidomycosis: clinical and laboratory observations. Itraconazole, a new oral triazole antifungal agent, was administered in 75 courses to patients with chronic coccidioidomycosis at dosages of 50 to 400 mg/day for a median duration of 10 months. Assessment of efficacy was made with a standardized scoring system. Responses were seen in 42 of 58 assessable courses (72%). Nonresponse occurred exclusively in patients who had failed previous therapy and was most common in pulmonary disease. Toxicity was minimal at the doses studied. Pharmacokinetic analysis of itraconazole in serum at steady state showed negligible circadian variation; differences in serum concentrations among patients were large. Clinical isolates of Coccidioides immitis showed uniform in vitro susceptibility to itraconazole. Itraconazole shows impressive activity in this series of patients with refractory coccidioidomycosis. Further evaluation of itraconazole in this and in other systemic mycoses is in order.",normal
"An improved photochemical model of embolic cerebral infarction in rats. To provide further evidence that the multiple cerebral infarcts found in rats following photochemical damage to the carotid artery are caused by emboli and to eliminate the systemic hypotension and heating of the blood reported with the previous photochemical embolic stroke model (rose bengal and a green laser), I have modified the photochemical technique. Brain pathology was studied in 18 Wistar rats following carotid artery irradiation with a red laser (632 nm) at powers ranging from 100 to 800 mW/cm2 for 10 or 20 minutes following the injection of the photosensitizing dye Photofrin II. Multiple cerebral arterioles were occluded by platelet aggregates containing frequent erythrocytes and leukocytes, identical to the thrombotic material in the carotid artery but different from the platelet aggregates seen in the carotid artery and the brain in the rose bengal model. Eighty infarcts were distributed randomly throughout the brain ipsilateral to the nonocclusive carotid thrombus. Significant heating (0.5 degree C or more) of the blood occurred only with laser powers higher (1,600 mW/cm2) or laser irradiations longer (25 minutes) than those used in the improved model of embolic stroke. This model mimics one mechanism of stroke in humans and provides a means to study systematically the morphological evolution of small cerebral infarcts.",attention
"Ventricular arrhythmias in ischemic heart disease. Ventricular arrhythmias remain the leading cause of death from coronary artery disease. This review summarizes current thinking in several areas relating to the pathophysiology, prognosis, and therapy of ventricular arrhythmias associated with acute and chronic coronary artery disease syndromes. The experimental basis of arrhythmias in the setting of acute myocardial ischemia and chronic myocardial infarction is described, stressing the important pathophysiologic differences between these two conditions. The effects of the autonomic nervous system as a key modulator of ischemic arrhythmogenesis are discussed. Insights, derived from endocardial mapping studies, into the nature of ventricular tachycardia in humans with chronic myocardial infarction are described, including implications for risk stratification and therapy to prevent arrhythmia recurrence. Current therapeutic principles are discussed in the management of ventricular arrhythmias associated with coronary artery disease, including pharmacologic approaches, surgical and catheter ablation, and automatic implantable cardioverting and defibrillating devices.",normal
"Both d-cis- and l-cis-diltiazem have anti-ischemic action in the isolated, perfused working rat heart. The effect of diltiazem (d-cis-diltiazem) on the ischemic myocardium was compared with that of l-cis-diltiazem, an optical isomer having less potent calcium channel-blocking action, in the isolated, perfused working rat heart. Ischemia decreased mechanical function and tissue levels of ATP and creatine phosphate, and increased tissue levels of nonesterified fatty acids (NEFA), AMP and lactate. Reperfusion did not restore mechanical function, but restored incompletely the levels of metabolites (except NEFA) that had been altered by ischemia. The ischemia-induced changes in NEFA were prevented by d-cis-diltiazem completely and by l-cis-diltiazem incompletely. Other metabolic changes induced by ischemia were attenuated by d-cis-diltiazem but not by l-cis-diltiazem. In heart pretreated with d-cis- or l-cis-diltiazem, both the mechanical function and the levels of metabolites recovered during reperfusion, the degree of recovery with both drugs being similar. These results indicate that not only d-cis-diltiazem but also l-cis-diltiazem has an anti-ischemic action probably due to inhibition of the tissue NEFA accumulation. These results also suggest that the mechanism of the protective effect of d-cis-diltiazem on the ischemic myocardium is not entirely due to the calcium channel-blocking action. Treatment with low Ca2+ (1.0 mM CaCl2) also attenuated the ischemia-induced changes. The interval between reoxygenation and start of function in the reperfused heart that had been treated with low Ca2+ was significantly longer than that with d-cis- or l-cis-diltiazem. The effect of these isomers to shorten this interval may contribute to their common anti-ischemic action.",urgent
"Renal disease in noninsulin-dependent diabetes mellitus. Diabetic nephropathy now accounts for approximately one-third of all patients who develop end-stage renal disease. The estimated cost to supply renal replacement therapy for this population now exceeds $750 million. The relatively recent realization that half of these individuals suffer from noninsulin-dependent diabetes mellitus has sparked increased interest in attempts to understand the pathologic processes involved and how they may be similar or different from those alterations seen in insulin-dependent diabetes mellitus. Basic and clinical investigation continues in an attempt to solve the puzzle of pathogenesis, as well as answer questions about the clinical usefulness of microalbuminuria and the appropriate management of hypertension in this population.",urgent
"Snoring and sleep architecture. The purpose of this study was to examine whether snoring adversely affects sleep architecture and sleep efficiency, and thus may account for the frequent complaints of daytime tiredness and fatigue expressed by heavy snorers. We recruited eight self-confessed heavy snorers and six self-confessed nonsnorers. All subjects had full nocturnal polysomnography, including continuous monitoring of snoring, which was quantified by counting the number of snores per hour of sleep (snoring index), the number of snores per minute of snoring time (snoring frequency), maximal and mean nocturnal sound intensity (dBmax and dBmean, respectively). We found that even the self-confessed nonsnorers snored lightly, with significantly smaller frequency and index than the heavy snorers. Sleep architecture was similar in both groups. Distribution of snoring among the sleep stages differed for light and heavy snorers: light snorers snored uniformly throughout all sleep stages, whereas heavy snorers tended to snore more during slow-wave and REM sleep. Snoring frequency and snoring index were similar during all sleep stages in light snorers, but they were higher during slow-wave sleep in heavy snorers. Wakefulness time after sleep onset and sleep efficiency correlated significantly with the snoring index. We conclude that although snoring does not affect sleep architecture in general, it influences sleep efficiency and wakefulness time after sleep onset; this may have an adverse effect on daytime function of heavy snorers.",normal
"Splenic septic emboli in endocarditis. The significance of septic emboli to the spleen is inferred by the frequency of septic emboli in general seen in patients with left-sided infective endocarditis who are referred for valve replacement. To determine the proper management of splenic infarcts and abscess due to septic emboli, we retrospectively reviewed the records of 108 patients with left-sided endocarditis who underwent valvular surgery at the University of Illinois Hospital from 1980 through 1988. Intravenous drug abuse was the etiology in 68% (n = 73). The incidence of splenic infarcts and abscess was 19% (n = 20), but an incidental finding of splenic infarcts was found in 38% (n = 11) of 29 asymptomatic patients who had computed tomograms. Streptococci and staphylococci were the causative organisms in 85% (n = 17). Localized findings were absent in 90% of splenic infarcts and abscesses. Abdominal computed tomograms were diagnostic of the sequelae of splenic septic emboli in 100%. No patient had intra-abdominal bleeding complications associated with cardiopulmonary bypass. Splenectomy was performed in 50% (n = 10) of patients 3-24 days (mean, 11.2 days) after valve replacement. Indications for splenectomy included persistent sepsis in 60% (n = 6), large (greater than 2 cm) and peripheral lesions in 30% (n = 3), and splenic rupture in 10% (n = 1). Perioperative mortality of patients who underwent splenectomy was 30% (n = 3). The following conclusions can be drawn: 1) Splenic septic embolus is common in endocarditis. 2) Abdominal computed tomography should be performed for all patients.",urgent
"Physicochemical determinants of in vitro shock-wave biliary lithotripsy. Human gallstones were studied by visual inspection, computerized tomographic imaging, and chemical analysis to assess physicochemical characteristics that may determine the outcome of in vitro shock-wave fragmentation. Eighty-five stones (mean diameter: 13.2 +/- 5 mm) were each collected from different patients. Fifty-five (65%) calculi were angular and 30 (35%) round or oval-shaped. Three easily obtained measures were derived from each stone's optimal computerized tomographic image including the mean stone density, a measure corresponding to the standard deviation of the mean stone density value which we termed the stone density distribution index and which may reflect the physicochemical heterogeneity of a given gallstone, as well as the density range. After the administration of 2500 shock waves using an electrohydraulic generator, fragmentation was noted in 68 calculi (80%) and was satisfactory in 27 (32%) (where the largest resulting fragment diameters were all less than or equal to 5 mm). Strong determinants of satisfactory fragmentation on multivariate analysis included a stone diameter of less than or equal to 15 mm, the presence of an angular stone shape, and a stone density distribution index of greater than or equal to 60 Hounsfield units. The other parameters did not independently determine satisfactory fragmentation. Prospective clinical trials are needed to assess whether these findings result in a better prediction of the success of extracorporeal biliary lithotripsy and a broadening of its indications.",normal
"Percutaneous balloon valvotomy for patients with mitral stenosis: initial and follow-up results. Percutaneous double balloon mitral valvotomy (PMV) was performed in 25 patients with severe mitral stenosis who were followed for at least 6 months after the procedure. There were 22 women and 3 men, with a mean age of 51 +/- 14 years (range, 27 to 74). Hemodynamic and angiographic findings were evaluated before and after PMV and clinical status was assessed at follow-up. There was a significant decrease in mitral gradient following PMV, from 15.4 +/- 5.1 to 5.0 +/- 2.6 mm Hg (p less than .0001); an increase in cardiac output, from 4.6 +/- 1.1 to 5.2 +/- 1.1 L/min (p less than .01); and an increase in calculated mitral valve area, from 0.9 +/- 0.2 to 2.2 +/- 0.6 cm2 (p less than 0.0001). Mitral regurgitation developed or increased in severity in six patients (24%). At the time of follow-up (mean, 12 +/- 5 months), three patients required elective mitral valve replacement for symptomatic mitral regurgitation and 91% (20 of 22) of the remaining patients had continued improvement in functional class. PMV can safely be performed in properly selected patients with symptomatic mitral stenosis with good immediate and follow-up results.",urgent
"The management of flail chest injury: factors affecting outcome. The records of 57 patients presenting with flail chest injury from 1981 through 1987 were reviewed to determine factors affecting morbidity and mortality. Fifteen patients (26%) had 8+ rib fractures with a unilateral flail and seven (12%) had multiple rib fractures with a bilateral flail. Thirty-two (56%) had moderate-severe pulmonary contusions and 44 (77%) required chest tubes for hemo-pneumothorax. Ventilatory assistance was used in 36 (63%). The major factors determining the need for ventilatory assistance were: an ISS greater than or equal to 23, blood transfusions in the first 24 hours, moderate-severe associated injuries (fractures, head injuries or truncal organs requiring operation), and shock on admission (p less than 0.001). An adverse outcome occurred in 15 (28%); nine required ventilatory assistance greater than or equal to 14 days and six died of sepsis with pneumonia. The main factors associated with an adverse outcome were: an ISS greater than or equal to 31 (p less than 0.001), moderate-severe associated injuries (p less than 0.001), and blood transfusions (p less than 0.005). Although the primary determinants of an adverse outcome were the associated injuries and blood loss, a bilateral flail (p less than 0.01) and age greater than or equal to 50 years (p less than 0.02) were contributing factors.",normal
"Mortality in hereditary antithrombin-III deficiency--1830 to 1989 To determine whether antithrombin-III (AT-III) deficiency leads to an excess mortality, we studied 171 individuals from ten families with a proven hereditary deficiency. 73 were classified as certainly deficient either by direct measurement of AT-III concentration or by mendelian inheritance patterns. 98 individuals had a high probability (0.5) of deficiency. The 64 deaths recorded did not exceed those expected for the general population adjusted for age, sex, and calendar period. We suggest that a policy of prophylactic anticoagulation for patients with AT-III deficiency cannot be recommended.",urgent
"Activation of coagulation in acute cardioembolic stroke. The hematologic disorders in patients with acute cardioembolic stroke are not fully understood, and no reliable measures are available to identify patients at high risk for recurrent embolism. We analyzed coagulation and fibrinolytic functions in 22 patients with cardiogenic cerebral embolism less than or equal to 24 hours after onset and in 25 age-matched controls. The levels of antithrombin III, protein C, and alpha 2-plasmin inhibitor were significantly lower in the patients than in the controls (p less than 0.001, 0.02, and 0.05, respectively). In contrast, the plasma concentrations of thrombin-antithrombin III complex and crosslinked D-dimer were markedly higher in the patients than in the controls (p less than 0.01 and 0.001, respectively). At the time of admission, the plasma concentrations of thrombin-antithrombin III complex and crosslinked D-dimer in the eight patients at high risk for recurrent embolization (one with prodromal embolism, three with intracardiac thrombi, and four with recurrent embolization) were 2.8 and 3.5 times, respectively, higher than those in the 14 patients without recurrence or thrombus formation. The lowest concentration of crosslinked D-dimer in the eight patients at high risk for recurrent embolization was 600 ng/ml on admission. Our results suggest that patients with acute cardioembolic stroke have various degrees of consumption coagulopathy and that the plasma concentrations of thrombin-antithrombin III complex and crosslinked D-dimer can be useful indicators of those who are prone to recurrent embolization during this stage.",normal
"Efficacy of celiprolol in the elderly hypertensive patient. With the rapidly increasing average age of the population of the Western world, care and treatment of the elderly are becoming increasingly important. Cardiovascular diseases are major causes of death and disability in the elderly; hence, identification of cardiovascular risk factors and effective treatment are essential. Evidence indicates that these risk factors in the elderly are similar to those in the young; namely, high blood pressure, hyperlipidemia, glucose intolerance, hyperfibrinogenemia, obesity, and cigarette smoking. The latter two relate to general patient management, whereas the remainder can be significantly influenced by modern drug therapy such as celiprolol. This drug is a third-generation highly selective beta 1-adrenoceptor antagonist with beta 2-agonist and vasodilatory activity giving a unique and advantageous pharmacologic profile for antihypertensive therapy with particular benefits for the elderly. The impact of therapy with celiprolol on the cardiovascular risk factors in the elderly hypertensive patient is reviewed.",urgent
"Balloon rupture due to lesion morphology during coronary angioplasty. We report a case of coronary angioplasty of a left anterior descending artery lesion that was complicated by the rupture of three successive balloon catheters. Each rupture occurred as a pinhole jet of contrast into a diagonal side branch, causing subintimal staining. This case demonstrates that balloon rupture may result from lesion morphology.",urgent
"Preferential mitogenic activity for myoblast-like cells can be extracted from uterine leiomyoma tissues. The presence of mitogen(s) in leiomyoma extracts stimulating cells with the fibroblast, myoblast, and osteoblast phenotype was documented. Mitogenic activity in leiomyoma extracts was acid stable and sensitive to tryptic digestion. Reverse-phase high-performance liquid chromatography successfully separated mitogen(s) with preferential activity for myoblast cells from mitogens with a broad type of cell specificity and from inhibitors. This leiomyoma-derived preferential activity for myoblasts was absent in identically treated myometrial and endometrial extracts. This suggests that leiomyoma-derived substances with preferential growth factor activity for myoblast-like cells may play a role in the pathophysiologic characteristics of uterine leiomyomas.",attention
"Late cardiac effects of doxorubicin therapy for acute lymphoblastic leukemia in childhood BACKGROUND. Cardiotoxicity is a recognized complication of doxorubicin therapy, but the long-term effects of doxorubicin are not well documented. We therefore assessed the cardiac status of 115 children who had been treated for acute lymphoblastic leukemia with doxorubicin 1 to 15 years earlier in whom the disease was in continuous remission. METHODS. Eighteen patients received one dose of doxorubicin (45 mg per square meter of body-surface area), and 97 received multiple doses totaling 228 to 550 mg per square meter (median, 360). The median interval between the end of treatment and the cardiac evaluation was 6.4 years. Our evaluation consisted of a history, 24-hour ambulatory electrocardiographic recording, exercise testing, and echocardiography. RESULTS. Fifty-seven percent of the patients had abnormalities of left ventricular afterload (measured as end-systolic wall stress) or contractility (measured as the stress-velocity index). The cumulative dose of doxorubicin was the most significant predictor of abnormal cardiac function (P less than 0.002). Seventeen percent of patients who received one dose of doxorubicin had slightly elevated age-adjusted afterload, and none had decreased contractility. In contrast, 65 percent of patients who received at least 228 mg of doxorubicin per square meter had increased afterload (59 percent of patients), decreased contractility (23 percent), or both. Increased afterload was due to reduced ventricular wall thickness, not to hypertension or ventricular dilatation. In multivariate analyses restricted to patients who received at least 228 mg of doxorubicin per square meter, the only significant predictive factors were a higher cumulative dose (P = 0.01), which predicted decreased contractility, and an age of less than four years at treatment (P = 0.003), which predicted increased afterload. Afterload increased progressively in 24 of 34 patients evaluated serially (71 percent). Reported symptoms correlated poorly with indexes of exercise tolerance or ventricular function. Eleven patients had congestive heart failure within one year of treatment with doxorubicin; five of them had recurrent heart failure 3.7 to 10.3 years after completing doxorubicin treatment, and two required heart transplantation. No patient had late heart failure as a new event. CONCLUSIONS. Doxorubicin therapy in childhood impairs myocardial growth in a dose-related fashion and results in a progressive increase in left ventricular afterload sometimes accompanied by reduced contractility. We hypothesize that the loss of myocytes during doxorubicin therapy in childhood might result in inadequate left ventricular mass and clinically important heart disease in later years.",urgent
"In vitro evaluation of bleomycin-induced cell lethality from plastic and glass containers. To optimize cancer chemotherapy, a considerable amount of research has been expended to study pharmacologic, pharmacokinetic, biochemical, and pharmaceutic properties of antineoplastic agents. However, published data on the stability and compatibility of these agents in various administration fluids and containers are few in number. Evidence of a significant decrease in stability as shown by high-performance liquid chromatography has been reported when bleomycin was infused in plastic containers for prolonged periods (over 24 hours) as compared with the same procedure with glass containers. Because administration of bleomycin is usually given as a continuous infusion, we undertook this study to determine whether the drug loss of stability that occurs in plastic containers results in a therapeutic loss of efficacy (cytotoxicity). By using a tumor stem-cell assay we compared the quantitative effects of bleomycin in plastic and glass containers on cell lethality. The results from our assay showed no significant difference in cell lethality by bleomycin from its aqueous solution stored in glass and plastic containers over the time periods observed. If these results had been statistically significant, the tumor stem-cell assay may have been shown to be a more sensitive means of determining the clinical significance of these stability studies.",attention
"Measurements of right ventricular volumes during fluid challenge. The effects of fluid loading on RV function were studied in 41 acutely ill patients monitored with a modified pulmonary artery catheter equipped for measuring RVef. Hemodynamic evaluation was performed before and after infusion of 300 ml of 4.5 percent albumin solution in 30 min. Changes in SI did not correlate with Pra or Ppao but did with RVEDVI. For the entire group, RVef was unchanged (27 +/- 9 vs 27 +/- 9 percent). In the eight patients with an initial RVEDVI greater than 140 ml/m2, the fluid challenge increased Pra and Ppao and reduced LVSWI without any other significant effect. There was no significant correlation between RVEDVI and Pra and only a weak correlation between RVESVI and Ppa. However, there was a highly linear correlation between both RVEDVI and RVESVI and changes in RVEDVI and in RVESVI, suggesting that in the absence of severe pulmonary hypertension RV output is primarily dependent on RV preload.",normal
"Multiple myeloma and acute megakaryoblast leukemia in spent phase polycythemia vera. The spontaneous and simultaneous occurrence of multiple myeloma and megakaryoblast leukemia with myelodysplastic features in a case of spent phase polycythemia vera is well documented. In support of the morphologic characteristics of the bone marrow, immunocytologic studies show proliferation of monoclonal plasma cells and megakaryoblasts. The cytogenetic findings of 20q- and unbalanced t(1;7) are consistent with myelodysplastic and leukemic transformation of the bone marrow. These transformations expand observations on variable and spontaneous lineage commitments as the consequence of alterations of the hematopoietic stem cell clone. These data are in support of the changing insights in hematopoiesis as a process of ordered commitment of the stem cell with sequential lineage potentials.",attention
"Two types of abnormal somatosensory evoked potentials in chronic cerebellar ataxias. To investigate subclinical sensory impairment in spinocerebellar degenerations, median nerve somatosensory evoked potentials (SEPs) were examined in 16 patients with chronic cerebellar ataxia who were originally diagnosed by clinical neurologists as having olivopontocerebellar atrophy (OPCA). Two types of abnormal SEP patterns were found in six patients. Two patients had the SEP pattern of peripheral neuropathy, which was also detected by peripheral sensory nerve conduction studies. Four patients had abnormal SEPs seen in patients with the lesions in the central nervous system (dorsal column, medial lemniscus). Magnetic resonance imaging (MRI) showed multiple sclerosis (MS). It is possible that clinically diagnosed OPCA sometimes includes a similar form of Friedreich's ataxia with subclinical sensory fiber neuropathy detected by SEPs and peripheral sensory conduction studies. In cases of lesions in the central nervous system demonstrated by both SEPs and MRI, there must be a follow-up in order to make a final diagnosis. In those cases, an alternative diagnosis of MS must be considered when the temporal profile of symptoms and signs characteristic of MS is observed.",normal
"Autologous bone marrow transplantation in high-risk remission T-lineage acute lymphoblastic leukemia using immunotoxins plus 4-hydroperoxycyclophosphamide for marrow purging. Fourteen patients with high-risk T-lineage acute lymphoblastic leukemia (ALL) in complete remission underwent autologous bone marrow transplantation (BMT) in an attempt to eradicate their residual disease burden. A combined immunochemotherapy protocol using a cocktail of two immunotoxins directed against CD5/Tp67 and CD7/Tp41 T-lineage differentiation antigens in combination with the in vitro active cyclophosphamide congener 4-hydroperoxy-cyclophosphamide (4-HC) was used to purge autografts. Despite high dose pretransplant radiochemotherapy and effective purging of autografts, 9 of 14 patients relapsed at a median of 2.5 months (range, 1.2 to 16.8 months) post BMT. Two patients remain alive and disease free at 26 and 28 months post BMT. We used a novel quantitative minimal residual disease (MRD) detection assay, which combines fluorescence activated multiparameter flow cytometry and cell sorting with leukemic progenitor cell (LPC) assays, to analyze remission bone marrow (BM) samples from T-lineage ALL patients for the presence of residual LPCs. Notably, high numbers of residual LPC detected in remission BM before BMT constituted a poor prognostic indicator, providing the first evidence for the biologic significance and clinical value of in vitro T-lineage ALL LPC assays. The median value for the residual leukemia burden before BMT, was approximately 8.6 x 10(3) LPC/10(8) mononuclear cells (MNC) (approximately 0.0086% LPC). Patients with a residual leukemia burden less than this median value appeared to have a better outlook for remaining free of relapse after autologous BMT than patients with a greater leukemia burden (53 +/- 25% v 14 +/- 13%, P = .006, Mantel-Cox). By comparison, the log kill efficacy of purging, the remaining numbers of LPC in purged autografts, or the estimated numbers of reinfused LPC, did not correlate with the probability of disease-free survival (DFS). These results indicate that the primary reason for the recurrence of leukemia was inefficient pretransplant radiochemotherapy rather than inefficient purging of autografts.",attention
"A six-amino acid deletion in basic fibroblast growth factor dissociates its mitogenic activity from its plasminogen activator-inducing capacity. A recombinant deletion mutant of the 155-amino acid form of human basic fibroblast growth factor (bFGF), lacking amino acid residues 27-32 (Lys-Asp-Pro-Lys-Arg-Leu), was expressed in Escherichia coli and purified to homogeneity by heparin-Sepharose affinity chromatography. When maintained in the presence of an equimolar concentration of soluble heparin, the bFGF mutant (M1-bFGF) is as potent as bFGF in stimulating cell proliferation in normal and transformed fetal bovine aortic endothelial cells, in adult bovine aortic endothelial cells, and in NIH 3T3 fibroblasts. However, under the same experimental conditions, M1-bFGF is at least 100 times less efficient than bFGF in stimulating plasminogen activator (PA) production in endothelial cells, as assayed by chromogenic PA assay, SDS/PAGE zymography, and Northern blot analysis of urokinase-type PA mRNA. In the presence of heparin, M1-bFGF binds to bFGF plasma membrane receptors present on endothelial cells in a manner undistinguishable from bFGF. It also induces the same tyrosine phosphorylation pattern when added to NIH 3T3 cells. The data suggest that the PA-inducing activity of bFGF may depend upon a functional domain that differs from those involved in the mitogenic activity of the growth factor and that the binding of bFGF to its plasma membrane receptor may not be sufficient to induce urokinase-type PA production in endothelial cells.",normal
"Carotid endarterectomy for elderly patients: predicting complications OBJECTIVE: To determine whether the complication or death rate from carotid endarterectomy can be predicted from hospital and physician structural variables, such as the hospital's teaching status or the number of endarterectomies done by the surgeon per year. DESIGN: Survey of medical records. After controlling for the severity of the patient's condition on the basis of data in the medical record at the time of the endarterectomy, regression analyses were used to predict the postoperative stroke, heart attack, and 30-day death rate as a function of patient, physician, and hospital characteristics. SETTING: Three geographic areas (states or large parts of states; average population, 3 million) in the United States. PATIENTS: Random sample of 1302 patients 65 years of age or older having carotid endarterectomy in 1981. INTERVENTION: Carotid endarterectomy. MEASUREMENTS AND MAIN RESULTS: Of 1302 patients, 11.3% had a postoperative stroke or heart attack or died within 30 days of the operation. Patient age, race, income, and gender; physician volume, board certification status, and age; and hospital size, for-profit status, ownership, and teaching status were not significantly related to the postoperative complication or death rate. If the surgeon was a graduate of a foreign, but not a Western European or Canadian, medical school, however, the average complication or death rate rose from 10.4% to 19.6% (P less than 0.05). CONCLUSIONS: The effectiveness of carotid endarterectomy depends heavily on its complication rate. Because complications after surgery cannot, in general, be predicted from structural variables, referring physicians cannot rely solely on the surgeon's experience and qualifications when recommending a carotid endarterectomy. The surgeon's and the hospital's actual postoperative complication and death rate should be considered.",urgent
"The changing clinical spectrum of thromboangiitis obliterans (Buerger's disease). Between 1970 and 1987, 112 patients were diagnosed as having thromboangiitis obliterans (TAO). The age was 42 +/- 11 years (mean +/- SD; range, 20-75 years); 23% were women, and 7% were more than 60 years old when they were first diagnosed. Ischemic ulcerations were present in 85 (76%) patients: 24 (28%) patients with upper-extremity, 39 (46%) patients with lower-extremity, and 22 (26%) patients with both upper- and lower-extremity lesions. Ninety-one (81%) patients had rest pain, 49 (44%) patients had Raynaud's phenomenon, and 43 (38%) patients had superficial thrombophlebitis. We were able to follow up 89 of the 112 (79%) patients for 1-460 months (mean follow-up time, 91.6 +/- 84 months). Sixty-five (73%) patients had no amputations, while 24 (27%) had one or more of the following amputations: finger, six (15%) patients; toe, 13 (33%) patients; transmetatarsal, four (10%) patients; below knee, 14 (36%) patients; and above knee, two (5%) patients. Forty-three (48%) patients stopped smoking for a mean of 80 +/- 105 months (median, 46.5 months; range, 1-420 months), and only two (5%) patients had amputations after they stopped smoking, while 22 (42%) patients had amputations while continuing to smoke (p less than 0.0001). The spectrum of patients with TAO is changing in that the male-to-female ratio is decreasing (3:1), more older patients are being diagnosed, and upper-extremity involvement is commonly present. In the 48% of patients who stopped smoking, amputations and continued disease activity were uncommon.",urgent
"Can clinical judgment detect children with speech-language problems? Pediatricians often rely on clinical judgment derived from observation or parental concern to identify children with developmental problems. The less popular but recommended alternative is to repeatedly administer standardized screening tests. Such tests are time consuming but, unlike clinical judgment, have known detection rates. Preliminary research concerning clinical judgment showed that clusters of parental concerns related to their childrens' performances on screening tests. In the present study, previous research was refined by assessment of the meaning of parents' concerns about their childrens' speech-language development. In this study of 157 families seeking pediatric care, 72% of children whose speech-language screening yielded positive results had parents who were concerned about their speech-language development. Of children with negative screening results, 83% had parents with no concerns about their speech-language development. Although standardized screening tests should be used occasionally in the developmental surveillance process, the findings show that the problems of most children with developmental problems were detected through clinical judgment based on parental concern.",attention
"Stapling or suturing for anastomoses of the left side of the large intestine. Two hundred and fifty patients undergoing elective surgical treatment involving anastomoses of the left side of the colon or colon and rectum have been studied in a randomized trial in which the EEA (U. S. Surgical Corp.) circular stapler has been compared with single layer sutured anastomoses. Only patients in whom either technique was feasible were included in the analysis. The operative techniques were largely standardized. Patients were studied by means of a limited barium enema on the ninth or tenth postoperative day. The data have been analyzed for leakage rate (clinical and roentgenologic), other complications and degree of experience of the surgeon. Eleven patients were excluded from the analysis because the selected technique could not be carried out; of these, eight were in the stapled group in which it was possible to perform a sutured anastomosis. There were no instances in which it was possible to staple but not possible to suture. The remaining three exclusions were patients in whom either a coloanal anastomosis or a Hartmann procedure was performed. There was no over-all difference in the leakage rate--roentgenologic, clinical or total--between the two groups. However, when analyzed by the surgeon, the clinical leakage rate for surgeons in training was greater for sutured anastomoses than for stapled anastomoses (p = 0.053). Thus, it appears that the benefits of experience are more pronounced for sutured anastomoses but that, in experienced hands, neither technique is superior.",normal
"Electrocardiographic subset analysis of diltiazem administration on long-term outcome after acute myocardial infarction. The Multicenter Diltiazem Post-Infarction Trial Research Group. The effect of diltiazem on long-term outcome after acute myocardial infarction (AMI) was assessed in 2,377 patients enrolled in the Multicenter Diltiazem Post-Infarction Trial and subsequently followed for 25 +/- 8 months. The study population included 855 patients (36%) with at least 1 prior AMI before the index infarction and 1,522 patients (64%) with a first AMI, of whom 409 (27%) had a first non-Q-wave AMI, 664 (44%) a first inferior Q-wave AMI, and 449 (30%) a first anterior Q-wave AMI. This post hoc analysis revealed that, among patients with first non-Q-wave and first inferior Q-wave AMI, there were fewer cardiac events during follow-up in the diltiazem than in the placebo group, and that the reverse was true for patients with first anterior Q-wave AMI or prior infarction. The diltiazem:placebo Cox hazard ratio (95% confidence limits) for the trial primary end point (cardiac death or nonfatal reinfarction, whichever occurred first) was: first non-Q-wave AMI-0.48 (0.26, 0.89); first inferior Q-wave AMI-0.66 (0.40, 1.09); first anterior Q-wave AMI-0.82 (0.51, 1.31); and prior AMI-1.11 (0.85, 1.44). Use of cardiac death alone as an end point gave an even more sharply focused treatment difference: first non-Q-wave AMI-0.46 (0.18, 1.21); first inferior Q-wave AMI-0.53 (0.27, 1.06); first anterior Q-wave AMI-1.28 (0.68, 2.40); prior infarction-1.26 (0.90, 1.77). Further analysis revealed that these differences in the effect of diltiazem in large part reflected the different status of the 4 electrocardiographically defined subsets in terms of left ventricular function.",urgent
"Leukaemia complicating treatment for Hodgkin's disease: the experience of the British National Lymphoma Investigation. OBJECTIVE--To determine the incidence of and risk factors for the development of secondary acute leukaemia and myelodysplasia in patients treated in British National Lymphoma Investigation's studies of Hodgkin's disease since 1970. PATIENTS--2676 Patients entered into Hodgkin's disease studies between February 1970 and November 1986. Data accrued up to November 1988 were analysed, ensuring a minimum follow up period of two years. DESIGN--Retrospective analysis of multicentre trial data by case-control and life table methods. RESULTS--17 Cases of secondary leukaemia were recorded in this group of 2676 patients, giving an overall risk at 15 years of 1.7%. The risks of leukaemia after chemotherapy alone and chemotherapy with radiotherapy were not significantly different. The risk of leukaemia increased sharply with the amount of treatment given as measured by the number of attempts at treatment. The 15 year risks of leukaemia were 0.2%, 2.3%, and 8.1% for patients receiving one, two, or three or more attempts at treatment. The highest risk, 22.8% at 15 years, was observed in patients treated with lomustine (CCNU), and a case-control study suggested that this was an independent risk factor. The risk of secondary leukaemia was largely related to the overall quantity of treatment, although exposure to lomustine seemed to be an important risk factor. Treatment with both drugs and radiation was not more leukaemogenic than treatment with drugs alone. The greatest risk of secondary leukaemia was seen in multiply treated patients who were unlikely to be cured of Hodgkin's disease. CONCLUSIONS--Avoidance of secondary leukaemia should be a minor factor in the choice of treatment for Hodgkin's disease.",attention
"Stressful events and life satisfaction among elderly men and women. The purpose of this study was to examine the interrelationships among stressful events, domain-specific assessments of life satisfaction, and global evaluations of life satisfaction. This research was guided by two competing theoretical formulations. According to bottom-up theory, older adults first assess feelings of satisfaction within specific life domains that are based in part on the experiences (i.e., stressors) they encounter in these areas. The domain-specific views are subsequently synthesized to form an overall sense of satisfaction with life as a whole. In contrast, the top-down theory suggests that a person's ongoing sense of satisfaction with life as a whole predisposes him or her to assess satisfaction with specific domains in ways that are congruent with his or her initial sense of global life satisfaction. Analysis of data provided by older participants in a nationwide survey tends to support the bottom-up perspective.",normal
"Interpreting results of exercise studies after acute myocardial infarction altered by thrombolytic therapy, coronary angioplasty or bypass. Numerous studies have assessed the ability of exercise modalities to predict patient outcome after acute myocardial infarction (AMI). Implicit in the use of these prior data to assess the prognosis of patients currently undergoing exercise studies is the assumption that patients selected for exercise assessment are similar over time and that the data generated in the past are therefore applicable to the current patient populations. This study retrospectively assessed the clinical, exercise, and rest and exercise radionuclide angiographic data in 791 consecutive patients referred for exercise radionuclide angiography within 1 month after AMI during a 5-year period to determine if the clinical and exercise characteristics of patients referred for exercise evaluation after infarction have changed significantly over time. Most parameters examined demonstrated significant increasing trends, including thrombolytic therapy at the time of AMI, revascularization procedure between AMI and exercise assessment, age, beta-blocker usage, Q-wave AMI, inferior infarction, exercise double product, exercise capacity, significant ST-segment depression with exercise, peak ejection fraction, and change in ejection fraction with exercise. These data indicate that the characteristics of patients selected to undergo exercise after AMI in a large referral center have changed significantly over time. If these data are applicable to other referral centers and to other exercise testing modalities, previously published results regarding exercise assessment after AMI will need to be reconfirmed in patients currently selected for testing, since these results may no longer be applicable in this current era of aggressive medical and interventional management.",urgent
"The management of malignant bone tumors in children and adolescents. A series of 205 pediatric patients affected by osteosarcoma, Ewing's sarcoma, fibrosarcoma, and malignant fibrous histiocytoma of bone were treated from 1978 to 1988. Ninety-eight percent of the patients received chemotherapy and 63% had a surgical resection. Sixty-five percent of all patients were alive at 30 months and were considered disease free. The functional results after surgery were evaluated according to the Musculoskeletal Tumor Society score. In all diaphyseal resections and resections of the upper extremity and pelvis, the results were excellent or good in 60% of the cases. In resections of the proximal femur, distal femur, or proximal tibia and reconstruction with nonexpansible prostheses, the results were excellent or good in 75%. On the other hand, when arthrodeses of the lower extremity were used, only 14% of cases had a good result. This correlates with the resulting lack of articulation and serious limb shortening seen with progression of skeletal growth.",attention
"Asymptomatic rhabdomyolysis of unknown etiology. A 7-year-old boy developed rhabdomyolysis with a peak creatine phosphokinase level of 261,400 IU/L after his appendectomy. These abnormalities occurred following a 2-3-day illness consisting of upper respiratory tract symptoms, fever, and abdominal pain mimicking acute appendicitis. At the time of operation, a normal appendix was removed, and mesenteric lymphadenitis was noted. The myoglobinuria and elevation of creatine phosphokinase were transient, and the patient remained asymptomatic. We review various causes of right lower quadrant pain and rhabdomyolysis and address the roles of malignant hyperthermia and infectious agents. The possible cause of the phenomena observed in this patient is discussed.",normal
"A comparison of host responses of the Mongolian jird to infections of Brugia malayi and B. pahangi. Host responses of jirds receiving a single subcutaneous inoculation of subperiodic Brugia malayi were compared with those of jirds similarly infected with B. pahangi. Parasite burdens, lymphatic lesion severity, granulomatous reactivity, antibody responses to parasite antigens, and complete blood cell counts were assessed at 60 and 150 days post-inoculation. At 60 days post-inoculation, percentages of adults recovered at necropsy and lymphatic lesion severity were greater in B. pahangi-infected jirds. At 150 days post-inoculation, lesion severity and percentages of worms recovered were similar in both infections. No significant differences were noted in either infection in reactivity to homologous or heterologous parasite antigens in any parameter measured. Similarities in the kinetics of the inflammatory reactivities of the 2 infections suggest that previous observations made in the jird-B. pahangi model could be utilized in designing studies using B. malayi. Further, the more marked lesion severity observed in B. pahangi-infected jirds and the relative ease of maintaining B. pahangi in the laboratory support the continued use of this system as a conceptual model for the study of lymphatic lesion pathogenesis.",normal
"Photochemotherapy alone or combined with interferon alpha-2a in the treatment of cutaneous T-cell lymphoma. Eighty-two patients with either mycosis fungoides (MF) or parapsoriasis en plaques were treated with psoralens ultraviolet A light (PUVA). Clinical and histologic parameters were followed for a period from 6 months to 10 years. Complete clinical clearing of lesions was observed in 51 patients (62%) and most of them were in limited-plaque MF group or parapsoriasis en plaque. The mean total dose of PUVA for complete clearing was less for early MF. Thirty-one patients (38%) relapsed and responded to additional PUVA. Patients in early stages of the disease remained clear for up to 68 months after the first course of PUVA. Post-treatment skin biopsies with early MF showed histologic clearing. A new combination therapy for MF is presented in 15 patients. Recombinant interferon alpha-2a (Roferon-A), administered intramuscularly combined with PUVA were tested in a phase I trial. Interferon doses were from 6-30 million units three times weekly. Disease stages ranged from I-B to IV-B. Complete responses were obtained in 12 of 15 patients, and partial responses seen in 2 of 15 patients, for an overall response rate of 93%. The median duration of response exceeded 23 months (range, 3 to 25 months). All responding patients have been maintained on therapy. The dose-limiting toxicities were constitutional symptoms such as fevers and malaise (93.3%), leukopenias (40.0%), mental status changes consisting of depression and confusion (33.3%), and photosensitivity (26.6%). Interferon plus PUVA appear to be highly effective regimens for the treatment of patients with cutaneous T-cell lymphomas.",attention
"Extradural abscess following local anaesthetic and steroid injection for chronic low back pain. A case is described of extradural abscess following extradural injection of local anaesthetic and steroid for the management of chronic low back pain. The common signs and symptoms are reviewed, possible causes discussed and the association with diabetes stressed.",normal
"Clinical diagnosis of Binswanger's disease. To aid in the prospective study of Binswanger's disease, a poorly understood form of vascular dementia, a standardised criteria for its antemortem diagnosis was proposed. These criteria include dementia, bilateral radiological abnormalities on computed tomography (CT) or magnetic resonance imaging (MRI), and at least two of the following three clinical findings: A) a vascular risk factor or evidence of systemic vascular disease; B) evidence of focal cerebrovascular disease; and C) evidence of ""subcortical"" cerebral dysfunction. These criteria were validated in two ways. First, by retrospectively applying them to a series of 30 demented patients with various pathological diagnoses. Second, by prospectively applying them to a series of 184 patients with clinically typical Alzheimer's disease. The sensitivity and specificity of the criteria appear adequate for use in clinical research.",attention
"Comparative pharmacodynamics and brain distribution of E-delta 2-valproate and valproate in rats. The E-isomer of 2-unsaturated valproate (E-delta 2-VPA) is a pharmacologically active metabolite of VPA that is less teratogenic and hepatotoxic than its saturated precursor. To assess potential use of E-delta 2-VPA as an alternate to VPA, a dose-response study comparing the anticonvulsant activity and neurotoxicity of E-delta 2-VPA and VPA was conducted in rats using the intravenous (i.v.) pentylenetetrazol (PTZ)-infusion threshold seizure model. Assay of drug in whole brain and plasma allowed comparison of the drug concentration-effect relationships and the brain distribution characteristics of the two compounds. E-delta 2-VPA was two to three times more potent than VPA in elevating the clonic seizure threshold of PTZ, in reference to either plasma or whole-brain drug concentrations. Furthermore, much steeper response curves were observed with E-delta 2-VPA as compared with VPA. Within the pharmacologic concentration range (defined as EC25 to EC75), E-delta 2-VPA was less neurotoxic than VPA as assessed by behavioral tests. Therefore, E-delta 2-VPA has a much more favorable protective index than VPA. At low doses, the concentration ratios of brain to plasma for both E-delta 2-VPA and VPA increased markedly with increasing plasma drug concentration. E-delta 2-VPA and VPA were previously shown to exhibit saturable binding to rat plasma proteins. If we assume that uptake of drug into the CNS is limited to the equilibrium plasma free fraction in the brain microvasculature, much of the nonlinear brain distribution features of VPA could be accounted for by saturable drug plasma protein binding. On the other hand, more complex kinetics involving simultaneous saturation of plasma protein binding and blood-to-brain transport are proposed to explain the brain distribution of the unsaturated compound. In addition, the brain-to-free drug concentration ratios for both E-delta 2-VPA and VPA were below unity at high drug-concentration range, consistent with the presence of an efficient efflux mechanism of these compounds from brain.",attention
"Otitis media in day-care children. A report from the International Primary Care Network. The relationship between day care and acute otitis media and its adverse consequences was analyzed as part of a collaborative multinational study. Data from primary care research networks in eight countries were collected on 1335 children, aged 0 to 60 months, at the time of initial visits to their primary care physicians for acute otitis media. A history of recurrent acute otitis media, poor hearing, and tonsillectomy or adenoidectomy were all more frequent in day-care children aged 25 to 60 months, compared with those cared for at home. Day-care children were brought to their physicians more promptly after the onset of symptoms and received more referrals to otolaryngologists at the time of the index visit for acute otitis media. Day care may pose a significant risk for otitis media and its adverse consequences.",normal
"The failure of serial pneumatic cuff venous occlusion plethysmography to predict patients at risk for pulmonary emboli after trauma. Over a three month period, attempts to perform serial Pneumatic Cuff Venous Occlusion Plethysmography (VP) were carried out in 51 severely injured patients felt to be at risk for Pulmonary Embolus (PE). Studies could not be performed in 25 of these patients due to the nature of their injuries. Of the remaining 26 patients, two showed evidence of deep vein thrombosis (DVT). Venography confirmed the diagnosis in only one of these patients. Serial VP failed to predict PE in all five patients in whom it was diagnosed. This article concludes that serial VP is not an effective predictor of PE in these patients.",urgent
"Quality-of-life-adjusted evaluation of adjuvant therapies for operable breast cancer. The International Breast Cancer Study Group OBJECTIVE: To evaluate a single cycle of adjuvant chemotherapy compared with longer duration chemotherapy for premenopausal women or chemoendocrine therapy for postmenopausal women with operable breast cancer using a quality-of-life-oriented end point, Q-TWiST (quality-adjusted analysis of TWiST: Time Without Symptoms and Toxicity). DESIGN: Multicenter randomized clinical trial--International Breast Cancer Study Group (IBCSG: formerly Ludwig Group) Trial V. SETTING: IBCSG participating centers in Sweden, Switzerland, Australia, Yugoslavia, Spain, New Zealand, Italy, Germany, and South Africa. PATIENTS: Data were available for 1229 eligible patients with node-positive breast cancer who were randomized to receive one of three adjuvant treatments after at least a total mastectomy and axillary clearance. INTERVENTIONS: Patients received either a single cycle of perioperative chemotherapy consisting of cyclophosphamide, methotrexate, fluorouracil, and leucovorin; or six cycles (6 months) of a conventionally timed chemotherapy consisting of cyclophosphamide, methotrexate, fluorouracil, and prednisone for premenopausal women or this combination plus tamoxifen for postmenopausal women; or both perioperative and conventionally timed chemotherapy for a 7-month course of adjuvant therapy. RESULTS: At 5 years of median follow-up, patients who received the longer duration therapies had an improved 5-year disease-free survival percentage (53% compared with 36%; P less than 0.001) and 5-year overall survival percentage (73% compared with 63%; P = 0.001) compared with those who received the single perioperative cycle alone. By 3.5 years, the greater burden of toxic effects associated with the longer duration treatments was balanced by their superior control of disease. Within 5 years of follow-up, even after subtracting time with adjuvant treatment toxicity, patients gained an average of 2.2 months of Q-TWiST if treated with the longer duration therapies compared with the single cycle (P = 0.03). The gain for premenopausal patients was 2.8 months (P = 0.05), whereas the gain for postmenopausal women was 1.5 months (P greater than 0.2). CONCLUSIONS: Six or seven months of adjuvant chemotherapy or chemoendocrine therapy improve both the quantity and quality of life for patients with node-positive breast cancer compared with a single short course of perioperative combination chemotherapy.",normal
"The effects of etomidate on cerebral metabolism and blood flow in a canine model for hypoperfusion. The effects of etomidate, a nonbarbiturate cerebral metabolic depressant, on cerebral metabolism and blood flow were studied in 29 dogs during cerebral hypoperfusion. Three groups of animals were studied during a 45-minute normotensive and a 30-minute hypotensive period: 10 control animals without etomidate, 11 animals receiving a 0.1-mg/kg etomidate bolus followed by an infusion of 0.05 mg/kg/min etomidate (low-dose group), and eight animals receiving doses of etomidate sufficient to suppress electroencephalographic bursts (high-dose group). The mean arterial pressure fell to similar levels (p less than 0.05) during hypotension in all three groups (40 +/- 5, 38 +/- 3, and 27 +/- 6 mm Hg, respectively). The mean cerebral oxygen extraction fraction rose (p less than 0.05) from 0.23 +/- 0.02 to 0.55 +/- 0.08 in the five control animals tested and from 0.33 +/- 0.02 to 0.53 +/- 0.02 in the seven animals tested in the low-dose group, but did not increase (p greater than 0.05) in the four animals tested in the high-dose group (0.24 +/- 0.03 to 0.23 +/- 0.05). Mean cerebral blood flow levels decreased in all groups during hypotension (p less than 0.05): 42 +/- 3 to 21 +/- 4 ml/100 gm/min (52% +/- 12% decrease) in the five animals tested in the control group, 60 +/- 8 to 24 +/- 6 ml/100 gm/min (56% +/- 13% decrease) in the four animals tested in the low-dose group, and 55 +/- 8 to 22 +/- 3 ml/100 gm/min (60% +/- 4% decrease) in the four animals tested in the high-dose group. In summary, the cerebral oxygen extraction fraction increased in the control animals and low-dose recipients during hypotension, suggesting the presence of threatened cerebral tissue. In contrast, the cerebral oxygen extraction did not change during hypotension when high-dose etomidate was administered. It is concluded that high-dose etomidate may preserve the cerebral metabolic state during hypotension in the present model.",urgent
"Anorectal varices--their frequency in cirrhotic and non-cirrhotic portal hypertension. Anorectal varices in portal hypertension have been little studied: Seventy eight per cent of 72 patients with portal hypertension had anorectal varices shown at flexible sigmoidoscopy. Significantly more patients with noncirrhotic portal hypertension had these varices than patients with cirrhosis (89% v 56%, p less than 0.01).",normal
"A manifesting carrier of Duchenne muscular dystrophy with severe myocardial symptoms. A 42-year-old so-called manifesting carrier of Duchenne muscular dystrophy (DMD), whose first complaints were severe myocardial symptoms, is described. Immunohistochemical study using anti-dystrophin anti-serum and analysis of cloned segments of X chromosome DNA were performed. Her two sons and one of her brothers appear to have had the same disease. She was admitted to the hospital complaining of dyspnoea, back pain and palpitations and was first diagnosed as having myocardial infarction. However, this diagnosis was excluded. The echocardiogram showed diffuse abnormalities of myocardial function. Serum enzymes were increased. Minimal weakness and decreased deep tendon reflexes were detected in her left lower extremity. Muscle biopsy revealed a small number of necrotic fibres. Immunohistochemical study using anti-dystrophin antiserum showed a mosaic pattern of the surface membrane. Analysis of cloned segments of X chromosome DNA from the patient and her son showed the XmnI(Asp) alleles of pERT 87-15 and the TaqI alleles of pERT 87-8 in both patients.",urgent
"Veterans Administration Cooperative Study Group on Hypertensive Agents: effects of age on treatment results. In three double-blind studies of 1,396 hypertensive patients, the age-related effects of hydrochlorothiazide or bendroflumethazide were compared with those of propranolol, nadolol, or captopril, given singly or in combination with a thiazide. Patients in each treatment group were divided into those aged 55 to 69 years and those aged under 55. Whereas no age-related differences were apparent with propranolol, nadolol alone, or captopril alone, in all three studies the blood pressure-reducing effect was found to be greater in the older group of thiazide-treated patients than in the younger thiazide-treated group. The antihypertensive drugs studied are at least as effective in older as in younger hypertensive patients and the antihypertensive response with diuretics is greater in older patients than in younger patients.",urgent
"Pericardial metastasis from testicular seminoma: appearance and disappearance by echocardiography. At the time of initial diagnosis, testicular malignancy is usually limited to the testicle and infradiaphragmatic lymph nodes. Metastases initially follow the retroperitoneal lymph channels and subsequently extend to the supradiphragmatic lymph nodes in the mediastinum and supraclavicular fossa. Testicular metastases to the pericardium are rare and usually asymptomatic. These lesions are most commonly identified at autopsy; therefore, the actual incidence is unknown. The authors report a 32-year-old man with testicular carcinoma, who developed asymptomatic pericardial metastases without concomitant supradiaphragmatic nodal or pulmonary metastases. They review the efficacy of echocardiography in diagnosis and follow up or pericardial metastasis.",attention
Antivenom therapy in Russell's viper bite. Bleeding and renal failure are the two main manifestations responsible for the high morbidity and mortality in untreated Russell's viper bite victims. This study was an effort to find prognostic factors and a practical therapeutic approach for the care of such patients. Early detection of abnormalities in the clot quality test and/or evidence of systemic bleeding followed by immediate correction of the clotting defects using specific antivenom can reduce morbidity in Russell's viper envenomation.,normal
"Diaphragmatic force and substrate response to resistive loaded breathing in the piglet. Inspiratory resistive loaded (IRL) breathing results in hypoventilation and diaphragmatic fatigue in the piglet. We studied the effects of 6 h of IRL on ten 1-mo-old piglets. The load was adjusted to increase spontaneously generated transdiaphragmatic pressure five to six times baseline. Six 1-mo-old piglets acted as controls and were identically instrumented but were not subjected to IRL. Measurements of ventilation, blood gases and pH, diaphragmatic electromyogram, force-frequency curve, blood flow, and end-expiratory lung volume were obtained hourly. Diaphragmatic muscle samples were obtained after 6 h for determination of ATP, phosphocreatine, lactate, and glycogen levels. No changes occurred in the control animals. IRL resulted in a significant decrease in ventilation, an increase in diaphragmatic EMG, onset of abdominal expiratory muscle activity, and a fall in end-expiratory lung volume by 1 h. The force-frequency curve adjusted for lung volume change fell by 20% at all frequencies of stimulation at 1 h and by 40% at 6 h. Blood flow to the costal and crural diaphragm increased by 51 and 141%, respectively. No differences were noted in ATP, phosphocreatine, lactate, or glycogen between control and IRL animals. It is concluded that submaximal spontaneous contractions of the piglet diaphragm over a 6-h period cause a substantial decrease in its maximal force-generating capacity that is not related to substrate depletion.",normal
"The cardiovascular effects of cocaine. Cocaine use and abuse continue to overwhelm urban economic, social, and health care systems. Patients frequently present to the emergency department with life-threatening manifestations of cocaine use, including trauma, acquired immune deficiency syndrome, psychomotor agitation, and cardiovascular collapse. Adequate treatment of the cocaine-intoxicated patient requires a critical understanding of the risk-to-benefit ratios for pharmacologic, toxicologic, and surgical or obstetric interventions. The pharmacologic and physiologic bases for the vascular manifestations of cocaine toxicity and experimental evidence for treatment strategies are reviewed.",urgent
"Hepatocellular carcinoma with tumor thrombus extending into the right atrium: report of a successful resection with the use of cardiopulmonary bypass. Hepatocellular carcinoma with a tumor thrombus extending into the right atrium has been considered beyond the reach of resection. These patients usually die within a short period because of pulmonary embolism, heart failure, or cancer progression. The only treatment is hepatic resection with removal of the tumor thrombus. A 38-year-old woman underwent left lobectomy with removal of the tumor thrombus with the use of cardiopulmonary bypass. The patient had an uneventful course and is doing well 15 months after surgery, without signs of recurrence. We have proved that hepatic resection with removal of a tumor thrombus extending into the right atrium can be carried out successfully. The next problem is whether the lives of these patients can be prolonged by this operation.",urgent
"An open trial of high-dosage antioxidants in early Parkinson's disease. High dosages of tocopherol and ascorbate were administered to patients with early Parkinson's disease as a preliminary open-labeled trial for the eventual controlled double-blind study evaluating antioxidants as a test of the endogenous toxin hypothesis of the etiology of Parkinson's disease. The primary endpoint of the trial was the need to treat patients with levodopa. The time when levodopa became necessary in the treated patients was compared with another group of patients followed elsewhere and not taking antioxidants. The time when levodopa became necessary was extended by 2.5 y in the group taking antioxidants. The results of this pilot study suggest that the progression of Parkinson's disease may be slowed by the administration of these antioxidants. A large multicenter, controlled clinical trial currently underway in North America evaluating tocopherol and deprenyl has the potential to confirm these results.",attention
"Increased septic complications with three-drug sequential immunosuppression for cadaver renal transplants. In 152 renal transplant recipients, the results of immunosuppression with three-drug sequential (Minnesota antilymphocyte globulin, prednisone, azathioprine, and cyclosporine) immunosuppression (n = 107) were compared with those of a two-drug sequential protocol (Minnesota antilymphocyte globulin, prednisone, and cyclosporine) that excluded azathioprine (n = 45). The study groups were comparable by age, sex, etiology of renal failure, incidence of diabetes, and degree of HLA matching. Patient survival at 1 year was not significantly different in the two groups (two drug, 93% versus three drug, 86%; p = 0.19). One-year graft survival was superior in the two-drug group (two drug, 93% versus three drug, 75%; p = 0.02). Analysis of primary transplants only (n = 116) yielded the same results. During the first year, the serum creatinine level remained stable in both groups. As expected, the three-drug therapy group had significantly more bacterial and viral infections. For low-risk primary cadaveric renal transplants, two-drug sequential immunosuppression is superior.",normal
"The effect of dopexamine HCl upon collateral perfusion of the acutely ischemic myocardium in anesthetized dogs. The effects of low-dose (10(-9) and 3 x 10(-9) mole/kg/min) infusions of dopexamine HCl, a new synthetic catecholamine with beta 2-adrenergic and DA1-dopaminergic agonostic actions, was tested in anesthetized dogs, with and without acute ligation of the left anterior descending coronary artery. The infusions caused diastolic arterial blood pressure to fall by 12 +/- 4 and 23 +/- 5 mmHg, respectively. Microsphere-estimated collateral blood flow to the ischemic myocardium did not change significantly during the drug infusions. The findings suggest that low doses of dopexamine HCl do not cause coronary ""steal"" from acutely ischemic myocardium.",urgent
"Prevalence of acute mountain sickness in the Swiss Alps. OBJECTIVE--To assess the prevalence of symptoms and signs of acute mountain sickness of the Swiss Alps. DESIGN--A study using an interview and clinical examination in a representative population of mountaineers. Positive symptoms and signs were assigned scores to quantify the severity of acute mountain sickness. SETTING--Four huts in the Swiss Alps at 2850 m, 3050 m, 3650 m, and 4559 m. SUBJECTS--466 Climbers, mostly recreational: 47 at 2850 m, 128 at 3050 m, 82 at 3650, and 209 at 4559 m. RESULTS--In all, 117 of the subjects were entirely free of symptoms and clinical signs of acute mountain sickness; 191 had one or two symptoms and signs; and 158 had more than two. Those with more than two symptoms and signs were defined as suffering from acute mountain sickness. At 4559 m 11 climbers presented with high altitude pulmonary oedema or cerebral oedema, or both. Men and women were equally affected. The prevalence of acute mountain sickness correlated with altitude: it was 9% at 2850 m, 13% at 3050 m, 34% at 3650 m, and 53% at 4559 m. The most frequent symptoms and signs were insomnia, headache, peripheral oedema, and scanty pulmonary rales. Severe headache, vomiting, dizziness, tachypnoea, and pronounced pulmonary rales were associated with other symptoms and signs and therefore characteristic of acute mountain sickness. CONCLUSION--Acute mountain sickness is not an uncommon disease at moderately high altitude--that is, above 2800 m. Severe headache, vomiting, dizziness, tachypnoea, and pronounced pulmonary rales indicate severe acute mountain sickness, and subjects who suffer these should immediately descend to lower altitudes.",attention
"Clinical evaluation of an algorithm for the interpretation of hyperamylasemia. Total amylase concentration in serum continues to be widely determined in the diagnosis of acute pancreatic disease. Accumulated experience has made clear, however, that this determination has distinct limitations. Consequently, the knowledge of the origin of hyperamylasemia may have an important influence on treatment, hospitalization, and extent of clinical investigations. We undertook a logical and systematic approach to the interpretation of hyperamylasemia through the use of an algorithm that can be applied in clinical situations without the need for the integration of radiologic procedures or clinical data. The proposed algorithm was tested for effectiveness in 97 consecutive hospitalized patients with hyperamylasemia (amylase level greater than twice the upper reference limit) for a 2-year period. The majority (52.5%) of these patients had acute pancreatitis. The algorithm assigned the correct diagnostic categories in 95.8% of cases, with a disagreement between patient diagnosis and algorithm-generated diagnosis in only four cases. These four patients (two with acute biliary disease, one with bacterial peritonitis, and one with chronic renal failure) had pancreatic lipase values greater than five times the upper reference limit, so that the algorithm classified their condition as acute pancreatitis. The clinical trial indicated that the proposed decision tree, which requires only knowledge of biochemical data that are readily available, is useful in the evaluation of elevated amylase activity and facilitates arrival at a definitive diagnosis.",normal
"West syndrome associated with hyperlexia. Two patients are reported with West syndrome associated with hyperlexia. They had peculiar linguistic and psychosocial development and autistic behavior, yet began to read Japanese and Chinese characters, numbers, Roman alphabet letters, and trademark letters at 3 years of age. Neuropsychologic, electroencephalographic, and radiologic studies were performed at 11 years of age in Patient 1 and at 10 years of age in Patient 2. Although they were able to read fluently with correct intonation, their comprehension was significantly impaired. The neuropsychologic evaluation of both patients demonstrated selective, excellent ability in auditory memory in contrast to impairment of associational abilities, visual retention, and visual constructional abilities. These findings suggest that the functions in the nondominant hemisphere were also impaired. Although children with West syndrome frequently have associated mental retardation, patients with West syndrome associated with hyperlexia have never been reported. A neuropsychologic investigation of epileptic children with mental retardation is necessary for the detection of hyperlexia.",attention
"Onset phase of spinal bupivacaine analgesia assessed quantitatively by laser stimulation. Analgesia was assessed quantitatively at various dermatomes (C7, T8, T10, T12, L1, L3, S1) for the first 30 min after subarachnoid administration of 0.5% bupivacaine 3.5 ml. Stimulation with 10 needles and laser stimulation could evoke pain in dermatomes with adequate analgesia to single needle stimulation. Analgesia was assessed by thresholds (sensory and pain) and by pain-related brain potentials (amplitude and latency) to laser stimulation. Little analgesia was found at T10, but it increased gradually towards caudal segments. The dermatome related to the site of the injection (L3) was not blocked to a greater extent than the surrounding dermatomes. Conduction time (the latency of the evoked brain potential) was increased relatively more from the S1 dermatome compared with L1.",attention
"Treatment of fallopian tube carcinoma with cisplatin, doxorubicin, and cyclophosphamide. Primary carcinoma of the fallopian tube is uncommon and is often treated using regimens active in ovarian carcinoma. Evidence is scant that such therapies benefit patients with fallopian tube carcinoma. Between December 1979 and July 1988, we treated 18 patients who had adenocarcinoma of the fallopian tube with the combination of cisplatin (50 mg/m2), doxorubicin (50 mg/m2), and cyclophosphamide (500 mg/m2) administered intravenously on 1 day every 28 days. Histologic confirmation of fallopian tube carcinoma was obtained before entry in the study. Three patients had stage I disease, five had stage II, nine had stage III, and one had stage IV. Sixteen patients received the combination therapy as first-line treatment after cytoreductive surgery, and two patients received it for recurrent carcinoma. Seven patients had clinically measurable disease at the start of therapy. Two of these patients had a complete clinical response, two had stable disease, and three had progressive disease. Eight of the 15 patients with stages II-IV disease underwent second-look laparotomy; four had a complete response to therapy and four had a partial response, making the overall response rate 53%. The toxicity of the regimen was moderate. The median survival was 81 months. Patients with stages II-IV disease had a median survival of 43.9 months and a progression-free survival of 22.5 months. This regimen appears to be active in fallopian tube carcinoma and can result in response rates comparable to those reported for epithelial ovarian cancer.",attention
"Hypereosinophilic syndrome with unusual cutaneous manifestations in two men with HIV infection. We report two men with human immunodeficiency virus infection who had unusual cutaneous manifestations of hypereosinophilic syndrome, exfoliative erythroderma, and linear flagellate plaques. In the first patient the cutaneous disease was the initial manifestation, and in the second the skin was the only organ affected. We also describe a favorable response to systemic corticosteroids and to psoralen with UVA phototherapy in one patient.",normal
"Survival rates from out-of-hospital cardiac arrest: recommendations for uniform definitions and data to report. Survival rates for out-of-hospital cardiac arrest vary widely among locations. We surveyed the definitions used in published studies of out-of-hospital cardiac arrest. Data from 74 studies involving 36 communities showed survival rates ranging from 2% to 44%. There were five different case definitions and 11 different definitions of survivors. The absence of uniform definitions prevents meaningful intersystem comparisons, prohibits explorations of hypotheses about effective interventions, and interferes with the efforts of quality assurance. The most satisfactory numerator for a survival rate appears to be survival to hospital discharge; the most appropriate denominator appears to be witnessed adult cardiac arrest of presumed heart disease etiology, with ventricular fibrillation as the initial identified rhythm. Proposed definitions for the data emergency medical services systems should report as they examine their cardiac arrest survival rates are presented.",normal
"Effect of ischemia reperfusion or hypoxia reoxygenation on lung vascular permeability and resistance. The effect of ischemia reperfusion or hypoxia reoxygenation on pulmonary vascular permeability and resistance was studied in 25 isolated blood-perfused dog lungs. Vascular permeability, assessed by determining filtration coefficient (Kf), and vascular resistances were measured at the beginning and end of the experiment. Ischemia reperfusion was produced by occluding blood flow to the lung for 3 h and reperfusing for 1 h, whereas hypoxia reoxygenation was obtained by ventilating the lung with 95% N2-5% CO2 for 3 h and then ventilating with 95% O2-5% CO2 for 1 h with no interruption of perfusion. There was a significant increase in Kf in both ischemia reperfusion and hypoxia reoxygenation groups (51 and 85%, respectively), and total vascular resistance increased greatly in both groups (386 and 532%, respectively). Two additional groups were also studied in which the ischemia reperfusion or hypoxia reoxygenation lungs were pretreated with allopurinol (20 micrograms/ml). The Kf did not significantly increase in either the allopurinol ischemia reperfusion or the allopurinol hypoxia reoxygenation groups (22 and 6%, respectively). However, total vascular resistance significantly increased in both groups (239 and 224%, respectively). Although vascular permeability is modestly increased by both ischemia reperfusion and hypoxia reoxygenation, the predominant change in these conditions is the increased vascular resistance, which predominantly affects the postcapillary resistance and would result in a greater tendency for edema to develop in these slightly damaged lungs. Allopurinol, which inhibits xanthine oxidase, attenuated the permeability changes in both groups and may be useful in preventing ischemia reperfusion injury in certain conditions.",urgent
"Significance of U wave polarity in patients with a prior inferior myocardial infarction. Sixty consecutive patients who underwent coronary angiography and left ventriculography from six to eight weeks after the onset of definite inferior myocardial infarction were divided into three groups according to the polarity of U waves in (1) leads II, III, a VF and (2) in leads V4 to V6 (positive = Group P, flat or isoelectric = Group F, and negative = Group N). The following parameters were analyzed: (1) ECG score; (2) global ejection fraction: (3) regional area change: (4) number of asynergic, and akinetic segmental radii; (5) number of asynergic and akinetic areas: and (6) number of diseased coronary arteries and the incidence of left anterior descending artery (LAD) disease. There were no significant differences among the three groups according to the polarity of U waves in two subgroups by the site of U waves in age, gender, systemic blood pressure, and ECG scores. The polarity of U waves in leads II.III.a VF (subgroup 1) correlated with the size of myocardial infarction; regional area changes in inferior segment (Area 2) were 64.1 +/- 8.2 in group P1, 31.8 +/- 14.7 in group F1, and 21.0 +/- 15.8 in group N1 (p less than 0.01, F = 32.8). The polarity of U waves in leads V4-6 (subgroup2) correlated with anterolateral wall motion; regional area changes in anterolateral segments (Area 5) were 76.8 +/- 11.6 in group P, 66.5 +/- 18.5 in group F, and 48.9 +/- 17.1 in group N (p less than 0.01, F = 18.6). The incidence of multivessel disease increased from group P2 (36.4%), to group F2 (54.5%), to group N2 (75.0%), and the incidence of LAD disease increased from 27.3%, to 45.5%, to 68.8%, respectively. A negative U wave in either location suggested severely decreased apical wall motion, and there was a tendency for global ejection fractions to decrease in the following order: group P, group F, and group N. From these results, the authors conclude that the polarity of U waves may be one of the parameters correlating with the wall motion and left ventricular function in prior inferior myocardial infarction.",normal
"Brief intensive chemotherapy for metastatic non-small-cell lung cancer: a phase II study of the weekly CODE regimen. Fifty-three patients, 17 with stage IIIB and 36 with stage IV non-small-cell lung cancer, were given CODE (cisplatin, vincristine, doxorubicin, and etoposide) plus antibiotic prophylaxis and an antiemetic regimen in an intensive chemotherapy program emphasizing weekly treatment and a planned brief duration (9-12 weeks); for 45 of these patients, the CODE program also included antifungal prophylaxis and supportive corticosteroids. Of the total study population, 33 patients (62%) responded to treatment, including five (9%) with complete response. The median survival for the entire group was 42 weeks (55 weeks for those with stage IIIB and 39 weeks for those with stage IV). More than 40% were alive at 1 year. Comparison of granulocyte counts of patients receiving prednisone with those of the subgroup to whom no corticosteroids were given showed less granulocytopenia for those receiving prednisone. Use of prednisone thus allowed improved delivery of myelosuppressive drugs. CODE was halted in nine patients because of disease progression. Although more constitutional side effects are associated with weekly chemotherapy than with standard chemotherapy, only 12 of the remaining 44 patients (27%) failed to receive at least 9 weeks of treatment. Serious toxicity was uncommon: There were no treatment-related deaths and only three episodes of neutropenia with fever. CODE is a novel treatment for non-small-cell lung cancer that this pilot study provided entirely in an outpatient setting over a 9-12 week period with an acceptable incidence of toxicity and a promising level of efficacy. Additional testing and comparison with other regimens or supportive care alone are warranted.",attention
"Angioedema from angiotensin converting enzyme inhibitors: a cause of upper airway obstruction. Angiotensin-converting enzyme (ACE) inhibitors have several side effects of concern to the otolaryngologist. Angioedema is a rare, but potentially lethal adverse effect when associated with upper airway obstruction. Four cases of ACE-inhibitor-induced angioedema, three with significant upper airway obstruction, are reported. Angioedema secondary to ACE inhibition appears to be mechanism based. The probable link is the potentiation of bradykinin, which results in vasodilation, increased vascular permeability, and angioedema. Since angioedema can progress to upper airway obstruction, otolaryngologists must be aware of this association. The differential diagnosis and treatment of this adverse effect is discussed, as well as a review of ACE inhibitors and other causes of angioedema.",urgent
"When epilepsy masquerades as heart disease. Awareness is key to avoiding misdiagnosis. Autonomic neural impulses that accompany discharges during a seizure can cause a variety of cardiac manifestations, including cardiac arrhythmias, sudden death, anginal chest pain, neurogenic pulmonary edema, and symptoms of pheochromocytoma. Either generalized or focal seizures may generate such signs and symptoms. A better appreciation of cardiac problems caused by epilepsy is helpful in preventing misdiagnosis, because the clinical picture in such a patient may be confusing.",normal
"Tonic contraversive ocular tilt reaction due to unilateral meso-diencephalic lesion. We studied 4 patients with tonic contraversive ocular tilt reactions due to unilateral, paramedian, mesodiencephalic lesions. This is in contrast to the only 2 previously reported patients with ocular tilt reactions due to unilateral mesodiencephalic lesions, each of whom had a paroxysmal ipsiversive ocular tilt reaction. This new finding is considered in the context of previous clinical and experimental data on the various types of ocular tilt reactions that follow stimulation or destruction of the peripheral and central vestibular system. Otolithic inputs to the interstitial nucleus of Cajal from the contralateral vestibular nucleus and motor outputs from the interstitial nucleus of Cajal to cervical and ocular motoneurons could be involved in the ocular tilt reaction. We propose that in patients with unilateral meso-diencephalic lesions, a tonic contraversive ocular tilt reaction could be due to persistently decreased resting activity of ipsilateral interstitial nucleus neurons, whereas a paroxysmal ipsiversive ocular tilt reaction could be due to transiently increased activity of the same interstitial nucleus neurons. Cases of ocular tilt reaction due to unilateral meso-diencephalic lesion point to the existence of a crossed graviceptive pathway between the vestibular nucleus and the contralateral interstitial nucleus of Cajal.",attention
"Effects of long-term coenzyme Q10 and captopril treatment on survival and functional capacity in rats with experimentally induced heart infarction. The effects of coenzyme Q10 (CoQ) and captopril on functional capacity, hemodynamics and survival were studied in 154 rats that recovered after experimental myocardial infarction. Rats were randomized into four groups receiving either CoQ, captopril, a combination of the two drugs or 1 ml of tap water once daily for 12 weeks from the day of coronary artery ligation. CoQ as well as captopril and the combined treatment significantly improved exercise capacity as evaluated by lactate production during a standardized treadmill exercise test. No significant changes in heart rate or mean blood pressure were observed during the study in the captopril-treated group. CoQ treatment increased the maximum heart rate significantly, whereas no effect on mean blood pressure was observed. Both captopril and CoQ decreased pulmonary congestion. Furthermore, the data may suggest that captopril prevents right ventricular hypertrophy seen in placebo-treated rats with large infarcts. This was not observed after CoQ treatment. Captopril treatment improved 3-month probability of survival (93%) as compared with placebo (74%) (P less than .05). CoQ and the combined treatment tended to improve survival, but this was, however, not statistically significant.",urgent
Soft-tissue tumor with abnormal amianthoid collagen fibers. Electron microscopic examination of a solitary soft-tissue tumor from the face demonstrated large areas with abnormal amianthoid collagen fibers in the neoplasm. The lesion was classified as a benign neoplasm of myofibroblasts and tentatively named a myofibroblastoma. The significance of the amianthoid collagen fibers is unknown. Normal native collagen fibers were found in some parts of the neoplasm.,attention
"Occurrence of human papillomavirus type 16 DNA in cutaneous squamous and basal cell neoplasms. Sixty-eight cutaneous squamous cell neoplasms (in situ and invasive) and 26 basal cell carcinomas from 89 patients were analyzed for DNA sequences homologous to the human papillomavirus (HPV) types found predominantly in the genital tract. Thirty-six (53%) of the squamous cell neoplasms contained HPV DNA as detected by filter or in situ hybridization analysis. The frequency of detection of HPV DNA was dependent on the site of the lesion. Of 40 genital squamous cell neoplasms (penile, vulvar, and perianal), 27 (68%) had detectable HPV DNA. In 25 of these, the HPV type was 16 or HPV-16-related, which was similar to the results for the squamous cell neoplasms of the finger (HPV DNA in 9 of 11 tumors with HPV-16 in seven). None of 16 squamous cell neoplasms from sites other than the genital tract or the finger had detectable HPV DNA. HPV DNA was detected in one of the 26 basal cell carcinomas (4%). We conclude that, for cutaneous epithelial malignancies, HPV-16 is restricted to squamous cell neoplasms of the genital tract and finger. These data are consistent with venereal transmission of HPV-16 to the periungual region and suggests a role for this virus in the evolution of squamous cell carcinoma at this site.",attention
"Tumorigenic 3T3 cells maintain an alkaline intracellular pH under physiological conditions. One of the earliest events in the response of mammalian cells to mitogens is activation of Na+/H+ exchange, which increases intracellular pH (pHin) in the absence of HCO3- or at external pH values below 7.2. The proliferative response can be blocked by preventing the pHin increase; yet, the proliferative response cannot be stimulated by artificially raising pHin with weak bases or high medium pH. These observations support the hypothesis that optimal pHin is a necessary, but not sufficient, component of the proliferative-response sequence. This hypothesis has recently been challenged by the observation that transfection of NIH 3T3 cells with yeast H(+)-ATPase renders them tumorigenic. Although previous measurements indicated that these transfected cells maintain a higher pHin in the absence of HCO3-, whether H(+)-ATPase transfection raised the pHin under physiologically relevant conditions was not known. The current report shows that these transfected cells do maintain a higher pHin than control cells in the presence of HCO3-, supporting the possibility that elevated pHin is a proliferative trigger in situ. We also show that these cells are serum-independent for growth and that they glycolyze much more rapidly than phenotypically normal cells.",normal
"The natural history of lumbar intervertebral disc extrusions treated nonoperatively. The purpose of this study was to evaluate the natural history of morphologic changes within the lumbar spine in patients who sustained lumbar disc extrusions. All patients in this study were treated nonoperatively for radicular pain and neurologic loss. The following questions were addressed: 1) Does perithecal or perineural fibrosis result when extrusions are not removed surgically, and 2) Do disc extrusions spontaneously resolve, and, if so, how rapidly? The study population consisted of 11 patients with extrusions and radiculopathy. All patients were successfully treated nonoperatively. All had a primary complaint of leg pain and all had positive straight leg raising reproducing their leg pain at less than or equal to 60 degrees. Additionally, 87% had muscle weakness on a neurologic basis in a root level distribution corresponding to the site of disc pathology. Computed tomographic (CT) examinations were obtained on all patients at the inception of treatment. These studies were compared with follow-up MRI studies. The initial CT scans were evaluated for the following criteria: disc size and position, thecal sac effacement, nerve root enlargement or displacement, and evidence of central or intervertebral canal stenosis. In addition to the pathomorphology evaluated on the CT scans, follow-up MRI studies also evaluated disc hydration at the herniated and contiguous levels, and the presence of perithecal or perineural fibrosis. The following grading system was used to evaluate change in fragment size on the follow-up studies: Grade 1-0 to 50% decrease in size; Grade 2-50 to 75% decrease in size; Grade 3-75 to 100% decrease in size.",normal
"Red cell antibodies arising from solid organ transplants. RBC antibodies arising from transplanted organs and directed against recipient RBCs represent a well-established immunohematologic complication of solid organ transplantation. In ABO-unmatched organs, the frequency and severity of graft antibodies and hemolysis generally increase with the size (lymphoid content) of the organ, from kidney to liver to heart-lung transplants. In the cases reviewed here, the frequency of hemolysis increased in cyclosporine-treated kidney transplant recipients and O-to-A liver transplant recipients and decreased in group AB liver transplant recipients and kidney transplant recipients receiving azathioprine or low-dose postoperative graft irradiation. Available data cannot otherwise distinguish which cyclosporine-treated recipients of ABO-unmatched kidneys and livers (30-40% of total) will develop graft antibody. There has been no conclusive effect to date of the age, race, or gender of the donor or the recipient, of cadaver versus living kidney donors, or of patients' A2 or secretor status. In a few cases of living-donor kidney grafts, the donor was the patient's mother or wife who had been exposed to the recipient's RBC antigens via pregnancy. The ABO antibodies are typically IgG, appear 7 to 10 days after transplantation, and last for about a month. If immediate-spin crossmatching is done routinely, DATs are recommended in compatibility testing after ABO-unmatched transplants. Changes in the immunosuppressive regimen, such as a change from cyclosporine therapy, have not affected the duration of these antibodies. Most patients require only transfusions for this self-limited process, but six cases of hemolysis-induced acute renal failure have been reported, and one death was attributed to complications of hemolysis. RBC or plasma exchange has been performed in a few fulminant cases. RBCs of the donor's blood type are given when antibody appears. Some workers recommend such transfusion as prophylaxis at the time of surgery, although in liver transplants, the plasma accompanying a large amount of group O RBCs given perioperatively might be problematic. In several other centers, ABO-unmatched liver transplants have equivalent overall graft survivals, but the Pittsburgh adult patients with hemolysis have had reduced early graft survival. In the cases reviewed here, nine IgG Rh antibodies from kidney grafts directed against recipient RBCs have been observed, usually beginning 2 to 3 weeks after a cyclosporine-treated transplant, lasting for 2 to 6 months after operation, and causing mild hemolysis. One case represented a primary immune response from a previously unsensitized donor.(ABSTRACT TRUNCATED AT 400 WORDS).",normal
Epidermotropic eccrine porocarcinoma. Three cases of epidermotropic eccrine porocarcinoma are summarized and compared with reported cases. All patients had a long-standing tumor on a lower extremity that rapidly metastasized to the skin and proximal lymph nodes. The histologic picture was consistent with an intraepidermal eccrine sweat gland carcinoma.,attention
"Perforated duodenal ulcer: an unusual complication of gastroenteritis. A 7 year old boy was admitted to hospital with gastroenteritis, which was complicated by an acute perforated duodenal ulcer. After oversewing of the perforation he made an uncomplicated recovery. Peptic ulceration is under-diagnosed in childhood and this leads to delay in diagnosis and appropriate management. Ulceration is associated with severe illness and viral infections, but perforation is rare.",normal
"Trolox protects rat hepatocytes against oxyradical damage and the ischemic rat liver from reperfusion injury. Trolox, a hydrophilic analog of vitamin E, was reported to scavenge peroxyl radicals from artificial systems better than its parent compound. Here we examined the possible cytoprotective effect of Trolox in cultured hepatocytes and in the rat liver. In cultured rat hepatocytes, 0.5 to 16 mmol/L Trolox (with optimum between 1 to 2 mmol/L) was observed to prolong the survival of cells exposed to oxyradicals generated with xanthine oxidase-hypoxanthine. The protection by 1 mmol/L Trolox surpassed that provided by either ascorbate, mannitol, superoxide dismutase and/or catalase--each at a level giving its maximal protection in the same system. In both a global and partial model of hepatic ischemia-reperfusion in rats, infusion of Trolox (7.5 to 10 mumol/kg body weight) just before reflow reduced by greater than 80% the liver necrosis sustained in untreated (no Trolox) control rats. Such organ salvage was apparently accompanied by approximately 50% reduction in the amount of hepatic conjugated dienes, which were quantified by a highly specific radiochemical assay. Since conjugated dienes are presumed to be good ""markers"" of oxyradical damage, our data may have provided a semiquantitative link between free radical-induced necrosis and its chemical imprint in vivo. The data also indicated a relatively rapid and potent antioxidant-like action by Trolox on rat hepatocytes and on the postischemic reperfused rat liver.",normal
"Adenocarcinoma of the prostate in a 41-year-old man with XXY karyotype and chronic lymphocytic leukemia: report of a case. We report a case of adenocarcinoma of the prostate in a 41-year-old man with 47XXY karyotype (Klinefelter's syndrome) and chronic lymphocytic leukemia. The increased incidence of malignancy in individuals with Klinefelter's syndrome has been well documented for certain neoplasms. Adenocarcinoma of the prostate has not been reported previously in a patient with Klinefelter's syndrome and a 47XXY karyotype. Absence of mosaicism was confirmed by peripheral lymphocyte, skin fibroblast, bone marrow cell and spleen stroma fibroblast cultures. Chronic lymphocyte leukemia, especially the T-cell cytotoxic/suppressive variant, may additionally add to an immunological deficit. Since carcinoma of the prostate, Klinefelter's syndrome and chronic lymphocytic leukemia are common, the lack of a previous report is interesting. Etiological aspects are discussed.",attention
"Botulinum A toxin for the treatment of adult-onset spasmodic torticollis. Thirty-five patients with adult-onset idiopathic torticollis were treated by local injections of botulinum A toxin into dystonic cervical muscles. Substantial improvement with respect to reduction and elimination of pain was found in 81 percent, improvement in posture deformity and involuntary spasms in 70 percent, increased range of motion of the neck in 78 percent, reduction in visible sternocleidomastoid hypertrophy in 86 percent, and improvement in tremor in 65 percent. The syndrome was divided into four subtypes based on pattern of dystonic muscle groups involved in the dystonia, head and shoulder posture, and sternocleidomastoid muscle hypertrophy. Injection strategy based on this subdivision is described.",attention
"In situ hybridization of prostate-specific antigen mRNA in human prostate. Prostate-specific antigen (PSA) mRNA was detected by in situ hybridization utilizing a 428 base pair [35S]-labelled cDNA probe from the 3' noncoding region of the PSA gene. Thirty six fresh surgical specimens were collected from patients undergoing radical retropubic prostatectomy for carcinoma of the prostate. Quantitative analysis of the levels of PSA mRNA in both the benign and malignant tissues was performed using an IBAS 2000 Image Analysis System. The results of this study demonstrated that there is a significant decrease in the expression of PSA mRNA in the carcinoma tissue when compared to the benign epithelium. The average binding (number of silver grains/1 x 10(4) microns. 2) for 20 specimens of malignant epithelium was 475 +/- 161 and 586 +/- 140 for 16 specimens of benign epithelium (p less than 0.05). Eleven patients had both benign and malignant tissue from the same surgical specimen available for study. From these paired specimens, the PSA mRNA expression was also significantly reduced in the malignant epithelium when compared to the benign epithelium, 445 +/- 162 and 588 +/- 135 respectively (p less than 0.005). The PSA protein was detected using a monoclonal antibody to PSA with an immunohistochemical staining technique. The PSA protein expression paralleled the expression of the PSA mRNA in the majority of the tissue sections. Many of the tumor specimens showed a heterogeneous expression of PSA, whereas all of the benign epithelium had a uniform high level of PSA expression. In conclusion, PSA mRNA and protein are located only within the glandular epithelial tissue, the expression of PSA protein parallels that of the PSA mRNA, and both the PSA protein and PSA mRNA are significantly decreased in the malignant epithelium when compared to benign prostatic epithelium.",attention
"Aspirin reduces the growth of medial and neointimal thickenings in balloon-injured rat carotid arteries. We analyzed the effect of Aspirin on the growth of experimentally induced vascular thickenings in rat carotid arteries. Vascular thickenings were induced by denudation of the endothelium in the left carotid artery with a balloon catheter. Administration of Aspirin-rich food (17.4 g/kg body wt/day) was started 1 week before and continued 2 weeks after injury. Nine rats were used. A control group of equal size received normal food. Sizes of the tunica media, the neointima, and the open vessel lumen were measured on cross sections of carotid segments with the aid of a videomorphometry system. The results show that in the Aspirin group, neointimal lesions are significantly smaller than in the control group (0.14 mm2 versus 0.23 mm2; p less than 0.5). Thickenings of the tunica media are also reduced (0.11 mm2 versus 0.12 mm2; p less than 0.5). It is suggested that Aspirin reduces both medial hypertrophy and neointimal outgrowth in injury-induced atherosclerosis.",urgent
"Results of infrainguinal bypass for limb salvage in patients with end-stage renal disease. Limb salvage in patients with end-stage renal disease (ESRD) is complicated by the diffuse, obstructive, calcific arteriopathy that makes anastomotic technique especially critical. Furthermore, decreased resistance to infection and impaired wound healing produced by host-factor deficiencies such as diabetes mellitus, hypoalbuminemia, uremia, and immunosuppression produce additional obstacles to successful limb salvage. This report summarizes our experience with distal arterial bypass procedures in these patients. A total of 32 bypass procedures were performed for limb salvage in 24 patients (17 diabetic) during a period of 5 years. The operative mortality rate was 6%. During the same period, 635 infrainguinal bypass procedures were performed by the in situ technique in patients without ESRD. Primary bypass patency was comparable in both groups at 24 months (92% vs 90%). In the group with ESRD, overall limb salvage was 83% at 2 years. Life-table analysis of bypass patency and limb salvage was thought not to be appropriate in the population with ESRD beyond 2 years because of the increased mortality rate (38%; 9/24) during this interval. It is important that limb salvage was achieved in diabetic patients with ESRD in the presence of extensive foot gangrene or ischemic ulceration. Revascularization should be considered strongly for limb salvage in all patients in this difficult population.",urgent
Lipomatous hypertrophy of the interatrial septum: an unusual intraoperative finding. Lipomatous hypertrophy of the interatrial septum was an incidental finding in a man of 45 undergoing coronary artery bypass grafting for unstable angina. He was not overweight and did not have any rhythm disturbances. The diagnosis was made on frozen section.,normal
"Cardiovascular risk factor clustering and ratio of total cholesterol to high-density lipoprotein cholesterol in angiographically documented coronary artery disease. High levels of cardiac risk factors tend to cluster together and act synergistically. To develop a suitable and practical marker for clustering, we evaluated 380 consecutive patients at the time of coronary angiography. Analyses of lipid, rheologic, clinical and arteriographic profiles indicated a variety of interwoven relations. Because the ratio of total cholesterol to high-density lipoprotein (HDL) cholesterol (total/HDL cholesterol) was closely related to both the presence and extent of greater than or equal to 50% diameter reduction of greater than or equal to 1 coronary arteries, it was used to divide patients into quartiles. Clustering of high- and low-level risk factors was demonstrated in the highest and lowest quartiles of total/HDL cholesterol, respectively (p less than 0.001). The highest quartile may be characterized by an only moderately elevated total cholesterol level but patients in this quartile may have a very low HDL cholesterol level, high triglycerides, a tendency toward high hemoglobin and fibrinogen levels, a history of smoking, previous myocardial infarction and multivessel disease. These results suggest that total/HDL cholesterol serves as a marker not only for obstructive coronary disease but also for a cluster of potentially modifiable risk factors.",urgent
"Oral findings in HIV-infected patients attending a department of internal medicine: the contribution of intraoral examination towards the clinical management of HIV disease The occurrence of oral mucosal lesions was studied in 70 consecutive human immunodeficiency virus (HIV)-infected patients, including 35 patients with AIDS, who had been admitted to a Department of Internal Medicine. Lesions of the oral mucosa were observed in 52 patients (74 per cent). Oral candidiasis (50 per cent), hairy leukoplakia (14 per cent), periodontal disease (13 per cent), and oral Kaposi's sarcoma (4 per cent) were the most common lesions. Oral mucosal lesions suggestive of HIV infection were present in ten of 12 patients of unknown HIV status in whom Pneumocystis carinii pneumonia was suspected. Close cooperation between the medical and dental professions is recommended since accurate intraoral examination can make a valuable contribution towards the clinical management of HIV-infected patients and may influence the CDC classification of this disease.",attention
"Femoral artery cannulation for monitoring in critically ill children: prospective study. Seventy-seven attempted percutaneous femoral artery cannulations were prospectively evaluated in 74 children. Artery cannulation was successfully accomplished in 73 (95%) cases and lasted for a mean of 6 days. Sixty percent of the catheters were inserted on the first attempt. Fifty-two (71%) patients weighed less than 10 kg and 55 (75%) patients were less than 12 months old. Fifty-one (70%) patients received inotropic support at the time of cannulation, and 27 (37%) eventually died from causes unrelated to catheter insertion. There was one episode each of line-associated infection and transient distal ischemia not resulting in tissue loss, and two episodes of catheter malfunction. In eight (11%) patients, signs of distal vascular insufficiency developed shortly catheter placement and resolved after catheter removal. The development of this complication correlated significantly (p less than .05) with younger age (5.5 vs. 22.3 months). We conclude that femoral artery cannulation has a high degree of success in very small, critically ill children. It should be considered an acceptable alternative to small-vessel cannulation when the latter is not technically achievable, or in the unstable patient where rapid establishment of reliable arterial access is necessary.",urgent
"Cerebral infarction and release of platelet thromboxane after subarachnoid hemorrhage. Platelet aggregation induced by adenosine diphosphate and the release of thromboxane B2 were studied in 68 patients with subarachnoid hemorrhage during the second week after the hemorrhage, when delayed ischemic deterioration most often occurs. Follow-up computed tomographic scans were performed later than 1 month after subarachnoid hemorrhage to reveal permanent hypodense areas consistent with cerebral infarction. Occurrence of hypodense lesions on the follow-up computed tomographic scan was significantly associated with the presence of delayed ischemic deterioration (DID) (P less than 0.01). Patients with subcortical or cortical cerebral infarctions due to DID released more platelet thromboxane B2 than those with no evidence of a hypodense lesion on the computed tomographic scan (P less than 0.05). Hypodense areas caused by an intracerebral hematoma or small, deep-seated infarcts due to DID were not associated with significantly elevated release of thromboxane B2, but the lacunar type infarcts were associated with increased aggregation of platelets. The results suggest that augmented platelet function may be involved in the pathogenesis of cerebral infarction due to DID.",urgent
"Economic barriers to the use of oral rehydration therapy. A case report Diarrheal dehydration is a highly prevalent condition among young children and is readily prevented and treated with oral rehydration therapy. We report a death due to hypernatremic dehydration caused by rotavirus diarrhea of a 9-month-old infant whose mother attempted to purchase oral glucose-electrolyte solution in a pharmacy but was unable to afford it. While efforts such as the National ORT Project should help to promote the proper at-home treatment of this condition, we conclude that oral rehydration therapy will not be used optimally by the parents of children living in poverty until the economic barriers to its use are removed.",normal
"Angiographic localization of spinal cord blood supply and its relationship to postoperative paraplegia. Forty-seven patients underwent selective catheterization of middle and lower thoracic intercostal and upper lumbar arteries to define the origin of the artery of Adamkiewicz. One patient had significant atheroembolism, and a second had transient lower extremity paresthesias. No other complications occurred. The origin was found in 26 (55%), and 21 patients underwent thoracoabdominal aneurysm repair with this knowledge. When the critical lumbar or intercostal artery could be included as part of a long proximal or distal anastomosis, all 12 patients could be included as part of a long proximal or distal anastomosis, all 12 patients survived, and one was paralyzed. However, if the aneurysm repair mandated a midgraft anastomosis to intercostal arteries critical to spinal cord perfusion, seven of nine patients either died or were paralyzed (p less than 0.05). In the group of 19 patients operated on in whom spinal cord blood supply was not identified three patients had a technically unsuccessful operation; two died, and one was paralyzed. Twelve of 16 patients who had an adequate, but unsuccessful attempt at localization were treated by intercostal ""neglect"" and survived. Late paresis developed in two patients, but they are walking now. One of the patients who died had multiple systems failure and awakened paraplegic. She had a patent, enlarged, thoracic radicular artery at T-5 which probably supplied to spinal cord and which was missed angiographically. Paralysis was associated with aneurysm extent (group 2 and III B, dissections vs group 1 & 3, p less than 0.05). Selective intercostal angiography requires further refinement, but it is safe and offers the promise of understanding the mechanisms and risks of spinal cord complications after repair of extensive thoracoabdominal aneurysms.",urgent
"Evidence for tumor necrosis factor-induced pulmonary microvascular injury after intestinal ischemia-reperfusion injury. Acute lung injury characterized by increased microvascular permeability is one feature of multiple-organ system failure and the adult respiratory distress syndrome. Intestinal ischemia-reperfusion injury has been linked to this type of acute lung injury. The purpose of these experiments was to examine the pathogenic mediators that link the two processes, with particular emphasis on the roles of endotoxin and tumor necrosis factor alpha (TNF alpha). Previously described characteristics of the acute lung injury in this rat model of intestinal ischemia-reperfusion include pulmonary neutrophil sequestration, depletion of lung tissue ATP, alveolar endothelial cell disruption, and increased microvascular permeability. Plasma levels of TNF in the systemic circulation of sham-operated animals and those with intestinal ischemic injury less than 60 minutes in duration were very low or undetectable. Intestinal ischemia for 120 minutes was associated with TNF elevation to 1.19 +/- 0.50 U/mL. Reperfusion for periods of 15 and 30 minutes generated 5- to 10-fold increases in circulating TNF levels (6.61 +/- 3.11 U/mL, p greater than 0.05 and 10.41 +/- 5.41 U/mL, p = 0.004 compared to sham); however this increase in circulating TNF was transient and largely cleared within 60 minutes after initiating reperfusion. Portal vein endotoxin levels were found to increase significantly before the appearance of TNF in systemic plasma, suggesting that gut-derived endotoxin may induce TNF release from hepatic macrophages into the systemic circulation. Anti-TNF antibody attenuated the increase in pulmonary microvascular permeability in this preparation but did not prevent pulmonary neutrophil sequestration. These observations suggest that endotoxin and TNF have pathogenic roles in this acute lung injury, but that mechanisms of adherence of neutrophils to endothelial cells independent of TNF may be involved. The accumulation of neutrophils in the lung but the prevention of a vascular permeability increase in the presence of antibody to TNF may imply an in vivo role for TNF in the process of neutrophil activation. These studies provide additional evidence of the importance of the endogenous inflammatory mediators in the development of systemic injury in response to local tissue injury.",normal
"Primary cysts and tumors of the mediastinum. A retrospective analysis was performed on 230 patients with primary cysts and tumors of the mediastinum seen at our institution from January 1944 to April 1989. We divided these patients into two groups. Group 1 was seen before 1970 and group 2 was seen from January 1970 to April 1989. There was a significant increase in the prevalence of malignancy in group 2 (47.2% versus 17.1%; p less than 0.0001) due to an increase in the number of lymphomas (22.6% versus 3.5%; p less than 0.001) and malignant neurogenic tumors (6.8% versus 1.1%; p = 0.0528). There was a significant increase in the number of malignant tumors in the anterior (59.5% versus 30.9%; p = 0.0022) and paravertebral (28.5% versus 2.8%; p = 0.0027) compartments in group 2. More patients with these tumors were symptomatic in group 2 (63.6% versus 5%; p = 0.0422). There was an increase of ancillary diagnostic studies performed to evaluate these tumors (76.0% versus 34.5%; p = 0.0422). Logistic regression analysis identified date of presentation (p less than 0.005), symptoms (p less than 0.01), size (p less than 0.005), and the anterior mediastinal compartment (p less than 0.005) as preoperative predictors of malignancy. The surgical approach to these tumors included more median sternotomy (30.1% versus 10.7%; p = 0.0008), anterior mediastinotomy, and cervical mediastinoscopy in group 2 (1.1% versus 17.5%; p = 0.0002). Long-term results support surgical resection in benign lesions and an aggressive multimodality approach to malignant lesions.",attention
"Syringomyelia secondary to compression of the cervical spinal cord by an extramedullary lymphoma. A case of syringomyelia secondary to an extramedullary cervical spinal cord compression by a non-Hodgkin's lymphoma is described. After radiotherapy, the syrinx was no longer seen. The pathogenesis of this type of syrinx is discussed, and the potential benefit of radiotherapy in these cases is suggested.",attention
"Salvage from cardiogenic shock by atherectomy after failed emergency coronary artery angioplasty. In this case report of a patient undergoing angioplasty for cardiogenic shock during acute myocardial infarction, recurrent occlusion resulted in recurrence of shock. Atherectomy reestablished lasting patency and reversed the patient's hemodynamic collapse. Atherectomy deserves further investigation as a means to salvage vessel patency during unsuccessful coronary angioplasty.",urgent
"Comparative studies of DU-PAN-2, carcinoembryonic antigen, and CA19-9 in the serum and bile of patients with pancreatic and biliary tract diseases: evaluation of the influence of obstructive jaundice. The levels of DU-PAN-2 antigen, carcinoembryonic antigen, and CA19-9 in serum and bile of patients with pancreatic and biliary tract diseases were measured. The sensitivities (true positive) of DU-PAN-2 in serum to pancreatic carcinoma (64%) and to biliary tract carcinoma (62%) were similar to those of CA19-9 in serum (69% and 72%, respectively). Nine of 18 (50%) patients with CA19-9-negative pancreatic carcinoma tested positive for DU-PAN-2. The sensitivities of CEA to pancreatic carcinoma (56%) and to biliary tract carcinoma (52%) were lowest. The measurement of these antigens in bile seemed to be of little diagnostic value in differentiating between malignant and benign diseases. False positives of these three assays occurred frequently in patients with benign pancreatic or biliary tract disease coupled with obstructive jaundice. After percutaneous transhepatic biliary drainage, serum DU-PAN-2 and CA19-9 levels returned to normal ranges in patients with benign diseases, but not in patients with carcinoma of the pancreas or of the biliary tract. Serum CA19-9 and DU-PAN-2 antigens are useful tumor markers for pancreatic and biliary tract carcinomas. Longitudinal assays of these antigens may be useful for the differential diagnosis of patients with obstructive jaundice.",normal
Late development of a squamous carcinoma in a reconstructed pharynx. We report a case in which a squamous cell carcinoma was found to have arisen from a delto-pectoral skin flap used in pharyngeal reconstruction. The flap had been forming a neo-pharynx for 24 years. No other signs of recurrent disease had developed in this period. This raises the possibility of tumour induction in heterotopic skin used for oropharyngeal reconstruction.,attention
"The ileosigmoid knot. The ileosigmoid knot (ISK) is a rare cause of intestinal obstruction. Unfamiliarity with the condition could have disastrous consequence at surgery. Over the past 20 years, we have encountered seven cases. Analyzing the data gathered from these, and on reviewing the literature, we found it possible to arrive at a preoperative diagnosis in two patients. Four patients were women, two of whom developed the obstruction in the postpartum period. One of the males was found to have an inflamed Meckel's diverticulum included in the knotting. The symptoms and the clinical findings were nonspecific. The characteristic x-ray findings of a double closed loop obstruction, was seen in only three patients. Resection of gangrenous bowel with anastomoses was feasible in four. Unlike in other series, primary anastomosis of the large gut was undertaken. There were two deaths early in the series. Guidelines to the management have been suggested.",normal
"Natural history of moderate aortic stenosis. The natural history of severe, symptomatic aortic stenosis has been well documented. However, the natural history of moderate aortic stenosis remains poorly understood. Therefore, a group of 66 patients was identified who had a diagnosis of moderate aortic stenosis at the time of cardiac catheterization (aortic valve area 0.7 to 1.2 cm2) and who did not have surgical therapy during the 1st 180 days after cardiac catheterization. During a mean follow-up period of 35 months, 14 patients died of causes attributed to aortic stenosis and 21 underwent aortic valve replacement. The estimated probability for remaining free of any complication of aortic stenosis at the end of the first 4 years was 59%. Symptomatic patients with decreased ejection fraction or hemodynamic evidence of left ventricular decompensation were at greater risk for these complications. It is concluded that patients with moderate aortic stenosis are at significant risk for the development of complications.",urgent
"Clinical and electrographic effects of acute anticonvulsant withdrawal in epileptic patients. We retrospectively investigated the effects of acute antiepileptic drug (AED) withdrawal on seizure symptomatology--including frequency, clinical features, and electrical onset--by studying 35 patients during evaluation for epilepsy surgery. The highest risk for both partial and secondary generalized seizures occurred during absent or subtherapeutic, and not during rapidly falling, AED levels. AED withdrawal had minimal effect on clinical symptomatology or electrographic onset.",attention
"Reversed helper/suppressor T-lymphocyte ratio in bronchoalveolar lavage fluid from patients with breast cancer and Pneumocystis carinii pneumonia. Pneumocystis pneumonia (PCP) usually occurs in patients with hematologic malignancies and acquired immunodeficiency syndrome (AIDS). Patients with solid tumors represent a very small fraction of the reported cases of PCP. Over an 18-month period, PCP was diagnosed in three patients who had received radiation and chemotherapy for breast cancer. In all three patients, there was no serologic or clinical evidence of AIDS. Direct staining of bronchoalveolar lavage fluid (BAL) revealed Pneumocystis carinii, and cellular analysis of BAL revealed an increased percentage of lymphocytes with reversed helper/inducer:suppressor/cytotoxic T-cell (CD4:CD8) ratio. Because decreased CD4:CD8 ratio in BAL is commonly accepted as findings consistent with hypersensitivity pneumonitis and AIDS, we conclude that similar findings in patients without AIDS are not specific for hypersensitivity pneumonitis, and P. carinii should be ruled out in the appropriate clinical setting.",attention
"Interaction of sodium sensitivity and stress in young adults. The interaction of sodium sensitivity and stress-induced cardiovascular reactivity was studied in white and black young adults aged 18-23 years. The cardiovascular response to difficult mental arithmetic was measured before and after 14 days of oral sodium loading (10 g NaCl/day added to the usual diet). A sodium-sensitive blood pressure response occurred in 18.4% of whites and 37.3% of blacks. A significant correlation between blood pressure change and sodium excretion occurred in the sodium-sensitive group (r = - 0.28, p less than 0.01). High sodium intake did not augment blood pressure or heart rate response to the beta-adrenergic-mediated stimulus of mental arithmetic in the population, which was grouped by blood pressure, race, or sodium sensitivity.",urgent
"Outcomes of direct coronary angioplasty for acute myocardial infarction in candidates and non-candidates for thrombolytic therapy. Coronary angioplasty without prior thrombolytic therapy was performed in 383 patients with acute myocardial infarction (AMI). Patients were divided into 2 groups depending on whether they were candidates or non-candidates for thrombolytic therapy. Patients were not considered thrombolytic candidates if they: (1) presented in cardiogenic shock, (2) were greater than or equal to 75 years of age, (3) had had coronary artery bypass surgery or, (4) had a reperfusion time of greater than 6 hours. Thrombolytic and nonthrombolytic candidates had similar rates of reperfusion (92 vs 88%), nonfatal reinfarction (6.0 vs 5.9%) and recurrent myocardial ischemia (1.8 vs 0%). Thrombolytic candidates had a lower mortality rate (3.9 vs 24%, p less than 0.0001) and a lower incidence of bleeding (4.6 vs 10.9%, p less than 0.05). Improvement in left ventricular ejection fraction at follow-up angiography was 4.4% in thrombolytic and 10.5% in nonthrombolytic candidates (p less than 0.002). Ejection fraction improved most in patients with anterior wall AMI (7.7% in thrombolytic candidates, 15.1% in nonthrombolytic candidates) and in patients with reperfusion times greater than 6 hours (14.2%). These outcomes suggest that direct coronary angioplasty is a viable alternative method of reperfusion in patients with AMI who are candidates for thrombolytic therapy. Nonthrombolytic candidates are a high-risk group of patients. Direct coronary angioplasty may be beneficial in certain subgroups, especially for patients in cardiogenic shock and for patients presenting greater than 6 hours after the onset of chest pain with evidence of ongoing ischemia.",urgent
"Safe performance of difficult laparoscopic cholecystectomies. Laparoscopic cholecystectomy has been advocated for the treatment of uncomplicated symptomatic gallstone disease, but has not been widely advocated for the management of more complicated gallbladder disease such as acute cholecystitis, previous surgery, or common duct stones. During the last 9 months, 360 patients underwent laparoscopic removal of their gallbladder. A total of 138 had a complicated presentation, making surgery more difficult. This article discusses the management of these patients with acute cholecystitis, previous surgery, or common duct disease. Using the described techniques, there were no complications or mortality. Laparoscopic management of difficult gallbladder problems is safe and effective.",normal
"Prevention of a false diagnosis of sexually acquired reactive arthritis by synovial lymphocyte responses. Three cases are reported in which a diagnosis of sexually acquired reactive arthritis might have been made erroneously from the history, but the enteric origin of the reactive arthritis was evident from synovial lymphocyte responses. The importance of making the correct diagnosis and the avoidance of unwarranted spousal dysharmony is stressed.",normal
"Influence of catheter technology and adjuvant medication on acute complications in percutaneous coronary angioplasty. We report on the complication rates in 660 consecutive coronary angioplasties (725 lesions) performed using four procedures that differed with respect to catheter technology and adjuvant medication. After the PTCA regimen in our laboratory had been changed from conventional steerable systems to the monorail technique, we observed a significant increase in the incidence of transient vessel occlusions from 2.6% to 7.7%, of permanent occlusions from 3.6% to 8.8%, and of intracoronary thrombus-formation from 2.6% to 5.5%. This was associated with the frequent observation of thrombotic material on the partially Teflon-coated guidewires. Coronary perfusion with urokinase (1,670-6,670 U/min) lead to a further increase in the complication rates (10.4%/10.3%/6.5%). Our present percutaneous transluminal coronary angioplasty (PTCA)-regimen (monorail technique with P.E.T. balloons, fully silicon-coated guidewires, no urokinase) shows an incidence of 3.8% for intermittent and recurrent coronary occlusions and 1.9% for permanent occlusions. Urokinase did not prevent intracoronary thrombus formation with the monorail technique. Furthermore, we suspect that in the case of PTCA-induced regional intimal dissection, fibrinolysis can prevent reestablishment of intima adherence to the vessel wall. Because five procedural deaths were observed in the 212 patients treated with i.c. urokinase as opposed to three deaths in the 448 procedures without urokinase, we feel that i.c. urokinase in PTCA is a potentially harmful regimen. We suggest that the monorail technique should be performed with fully silicon-coated guidewires and without urokinase.",urgent
"Ondansetron compared with high-dose metoclopramide in prophylaxis of acute and delayed cisplatin-induced nausea and vomiting. A multicenter, randomized, double-blind, crossover study. OBJECTIVE: To compare the efficacy and side effects of ondansetron with those of high-dose metoclopramide in treating acute and delayed cisplatin-induced nausea and vomiting. DESIGN: Randomized, double-blind, crossover trial. SETTING: Conducted at two university hospitals, a cancer institute, and six community hospitals. PATIENTS: Of 125 patients, 95 were evaluable for the acute phase and 79 for the delayed phase. Major reasons for not being evaluable were no second course (14 patients), protocol violation (5 patients), and change in cisplatin dose (3 patients) for the acute phase, and rescue medication on day 1 (7 patients), protocol violation (3 patients), and inadequate data (4 patients) for the delayed phase. INTERVENTIONS: All patients received cisplatin, 50 to 100 mg/m2 body surface area (median, 75 mg/m2); none had previously received chemotherapy. Thirty minutes before the cisplatin administration, ondansetron was given intravenously over 15 minutes, at a loading dose of 8 mg followed by a continuous infusion of 1 mg/h for 24 hours. Metoclopramide was given at a loading dose of 3 mg/kg body weight, followed by a continuous infusion for 8 hours (4 mg/kg). For the delayed phase (days 2 through 6), the first oral dose was given as soon as the infusion was completed; the oral dose consisted of either metoclopramide, 20 mg three times daily, or ondansetron, 8 mg three times daily for another 5 days. MEASUREMENTS AND MAIN RESULTS: In the acute phase, a major or complete response was seen in 72% of the ondansetron-treated and 41% of the metoclopramide-treated patients (P less than 0.001). Nausea was significantly better controlled among the ondansetron-treated patients (P = 0.04). In the delayed phase, no statistically significant difference was seen between ondansetron- and metoclopramide-treated patients. Nausea was significantly better controlled with metoclopramide (P = 0.016). CONCLUSIONS: Ondansetron is significantly more effective than metoclopramide in preventing acute nausea and vomiting. In the delayed phase, the results of both drugs were disappointing, although metoclopramide's effect on delayed nausea was superior. Patients preferred ondansetron.",normal
"Spasticity in spinal cord injured persons: quantitative effects of baclofen and placebo treatments. Spasticity commonly occurs after a spinal cord injury and is characterized by increased resistance to passive movement of peripheral joints. This study examined the effect of an antispasticity medication on stiffness from the myotatic reflex response generated by passive sinusoidal ankle motion. A repeated measures, multiple base-line, single-subject, double-blind design was employed. The independent variable was spasticity medication treatment, where the levels were 40 mg/day and 80 mg/day of baclofen v placebo treatment. Viscous and elastic stiffness measurements were taken at the ankle joint during a placebo base-line phase and during treatment with baclofen for five adult males with traumatic spinal cord injuries. Ankle sinusoidal oscillation frequencies were from 3 to 12 Hz during test sessions. Mean viscous and elastic stiffness scores for all frequencies were calculated for each phase of the study. Randomization tests of mean changes in stiffness measurements between each treatment phase of the study failed to provide any convincing evidence of a significant treatment effect for reduction of spasticity in the traumatic spinal cord injured subjects studied. Further testing is needed to exclude potential confounding factors before this conclusion can be confirmed. The results suggest that baclofen is not a universal treatment of choice for all individuals with spasticity resulting from traumatic spinal cord injury.",attention
"Treatment of malignant pleural effusions with doxorubicin hydrochloride-containing poly(L-lactic acid) microspheres. For the treatment of malignant pleural effusions, we prepared doxorubicin hydrochloride (Adriamycin)-containing poly(L-lactic acid) microspheres (ADR-MS). In vitro, 50 percent and 100 percent release times of ADR from ADR-MS were 6.3 and 20 days, respectively. After intrapleural administration of ADR-MS for seven patients at an ADR dose of 40 mg, ADR was detected in the effusions for more than two weeks; however, ADR concentrations in serum were very small, consistent with minimal transpleural absorption of ADR. These results indicated the slow release of ADR into the pleural cavity. Furthermore, the amount of drained ADR was less than a few percent of the administered dose. In some cases, malignant cells in the effusion disappeared after the treatment. No complications related to the procedure occurred, and the patients developed no systemic symptoms. One patient died after four months, and the other six patients are alive after 21 to 31 months without reaccumulation of the effusion. The local administration of ADR-MS produces a localized high and systemic low concentration of ADR, which could potentially improve the patient's quality of life.",attention
"Cellular and molecular basis of the asbestos-related diseases. Asbestosis is an inflammatory and fibrotic process of the alveolar structures mediated, at least in part, by cytokines released by ""activated"" alveolar macrophages. The process of phagocytosis and ""activation"" of alveolar macrophages is poorly understood. Are all macrophages activated or only subpopulations? Which cytokines are up-regulated? How does the local milieu modulate profibrotic and antifibrotic mediators? Is protein release accompanied by up-regulation of gene transcription? Is there an ordered sequence of cytokine activity? What roles do neutrophils and lymphocytes play? How can disease progression best be quantified absent further exposure? Answers to these questions are important to direct rational strategies at interdicting the fibrotic process. The question of cancer and asbestos is more vexing. The processes of inflammation, fibrosis, and carcinogenesis appear to be closely intertwined. For example, proto-oncogenes such as c-sis (PDGF B-chain) are up-regulated in activated alveolar macrophages from fibrotic lungs; these and possibly others may play an important role in asbestos carcinogenesis. Second, asbestos can transfect DNA into cells. Furthermore, DNA can adhere to asbestos fibers, and these fibers are capable of direct transmigration into cells. The questions of the mechanisms of cigarette smoke cocarcinogenicity and latency remain. Lastly, if the bronchial epithelium is highly metaplastic throughout from cigarette smoking, what triggers a single (or several) nidus of cells to transform into carcinoma? Malignant mesothelioma poses the most challenging questions because of association with brief asbestos exposure by history. Mesothelial cells are susceptible to minute environmental manipulations, and changes occur after exposure to all fiber types. Yet epidemiologic studies point toward long amphiboles as having greater mesothelioma risk. To test this hypothesis, experimental data must be generated differentiating tumorigenesis risk from short, chrysotile fibers that can migrate to the parietal pleura from the associations of long amphiboles persisting in lung tissue. Despite the future decreasing numbers of clinical cases of asbestos-related disease, solving the important mechanistic questions remaining will contribute significantly to our understanding of fibrosis and cancer.",attention
"Fundoplication and gastrostomy in familial dysautonomia. Fundoplication with gastrostomy has become a frequent treatment for patients with familial dysautonomia, so we evaluated the use of both procedures in 65 patients. Although patients differed widely in presenting signs and age, from 5 weeks to 40 years, gastroesophageal reflux was documented in 95% of patients by cineradiography or pH monitoring. Panendoscopy was a useful adjunct. Preoperative symptoms of gastroesophageal reflux included vomiting, respiratory infections, and exaggerated autonomic dysfunction. Severe oropharyngeal incoordination frequently coexisted and resulted in misdirected swallows with aspiration, dependence on gavage feedings, or poor weight gain and dehydration. Follow-up after surgical correction ranged from 3 months to 11 years; 55 patients (85%) were available for a 1-year postoperative assessment. We had no instances of surgical death. The long-term mortality rate was 14%, primarily related to severe preexisting respiratory disease. Beyond the first postoperative year, 30 patients had pneumonia attributed to continued aspiration, exacerbation of preexisting lung disease, or recurrence of gastroesophageal reflux. Of 11 patients who vomited postoperatively, six had recurrence of reflux. Recurrence of gastroesophageal reflux was documented in eight patients (12%), and we revised the fundoplication in three patients. The number of patients with cyclic crises was reduced from 18 to 7; retching replaced overt vomiting in all but two of these seven patients, neither of whom had recurrence of reflux. Because oropharyngeal incoordination was prominent, concomitant use of gastrostomy and an antireflux procedure was especially effective in the treatment of younger patients with familial dysautonomia, before the development of severe respiratory disease. Despite the development of severe morning nausea in 15 patients, the combination procedure resulted in significantly improved nutritional status, decreased vomiting, and decreased respiratory problems. Appropriate use of gastrostomy feedings also contributed to success of the operation. The generally good outcome of fundoplication with gastrostomy confirms the benefit of this procedure in familial dysautonomia.",normal
"Ventricular tachycardia during routine treadmill testing. Risk and prognosis. Exercise-induced ventricular tachycardia during exercise testing is considered to increase risk during testing. Moreover, exercise-induced ventricular tachycardia has been considered to confer a poor prognosis although this has not been specifically studied. On a retrospective review of 3351 patients who had undergone routine clinical exercise testing between September 1984 and June 1989, we identified 55 patients with exercise-induced ventricular tachycardia. The mean follow-up was 26 months (range, 2 to 58 months). Fifty patients had nonsustained ventricular tachycardia during exercise testing and one of these patients died due to congestive heart failure during the follow-up period. Five patients had sustained ventricular tachycardia during exercise testing and one died suddenly 7 months after the test. Ventricular tachycardia was reproduced in only two of the 29 patients who underwent repeated exercise testing. Ventricular tachycardia during routine clinical exercise testing occurred rarely (prevalence of 1.5%) and was not associated with complications during testing. The total mortality in the exercise-induced ventricular tachycardia group (3.6%) was not significantly different from the mortality in the entire population (5.1%). Nonsustained ventricular tachycardia occurring during clinical exercise testing is not an independent marker of a poor prognosis.",urgent
"Effects of exercise on myocardial catecholamine content and ischemic injury in dogs with gradual coronary occlusion. The effects of exercise on catecholamine content and the extent of myocardial damage in dogs with Ameroid constrictor occlusion of the left circumflex coronary artery were determined. Tissue samples from both the anterior and posterior walls of the left ventricle were obtained for determination of catecholamine content, and the rest of the ventricles were processed for histologic examination. When subjected to treadmill exercise for 40 days after surgery, obstructed animals performed significantly less exercise than sham-operated animals and showed significantly higher percentages of ischemia and necrosis in the left ventricle than sedentary, obstructed, sham-operated, or control dogs. Levels of norepinephrine and epinephrine in the posterior wall of the left ventricle were significantly lower than in the other groups. Our data show that exercise in this well-known model of chronic coronary artery stenosis produced deleterious effects on the myocardium and suggest a marked heterogeneity of catecholamine stores in the myocardium that may have important functional and electrophysiologic consequences.",urgent
Multiple myeloma and bullous lichenoid lesions: an unusual association. Many associations of lichenoid reactions have been described but this case appears to be a previously unreported association--with multiple myeloma. This case also demonstrates the necessity of a mucosal biopsy with adequate hematologic and serologic investigations to obtain a definitive diagnosis.,normal
"Effect of prior cancer chemotherapy on human tumor-specific cytotoxicity in vitro in response to immunopotentiating biologic response modifiers. Tumor-specific cytotoxicity was measured in fresh human biopsy specimens by a modification of the differential staining cytotoxicity assay. ImuVert, a cytokine inducer derived from Serratia marcescens, which produces broad-spectrum activation of both macrophages and lymphocytes, was dramatically more effective when it was tested in tumors obtained from patients with previously treated, chemotherapy-responsive adenocarcinomas (breast and ovary) than when it was tested in tumors obtained from either previously untreated patients or previously treated patients with chemotherapy-refractory adenocarcinomas (colon, lung, pancreas, stomach, kidney, gallbladder, uterus, and prostate). Similar findings, relating to prior chemotherapy treatment status, were obtained for tumor necrosis factor and interferon gamma, but not for interleukin-2 or interferon alpha. On the basis of these findings and on other evidence in the literature, we speculate that response to chemotherapy produces massive release and processing of tumor antigens. We further speculate that this response leads to a state in which the human immune system is primed (via in situ vaccination) to respond to exogenous macrophage-activation signals with potent, specific antitumor effects.",attention
"Incontinence and rectal prolapse: a prospective manometric study. A prospective, manometric study has been performed on 23 female patients with rectal prolapse and varying degrees of incontinence. Seven of the 14 incontinent patients regained continence after surgery, and a further two patients improved. Improvement in internal and external sphincter function follows correction of rectal prolapse. Preoperative resting anal pressure was significantly higher in continent patients than in incontinent patients (P less than 0.05), as was the maximum voluntary contraction pressure (P less than 0.027). Postoperatively there was a significant increase in the resting anal pressure (P less than 0.0001) and maximum voluntary contraction pressure (P less than 0.003) in the whole group. The preoperative resting anorectal angle was significantly more acute (P less than 0.028) in continent patients than in incontinent patients. There was no significant change in the resting anorectal angle following prolapse repair. Patients who remained incontinent had a significantly lower preoperative resting anal pressure (P less than 0.01) than patients who improved or regained continence. Similarly, maximum voluntary contraction pressure was lower preoperatively in these patients (P less than 0.02). Preoperative resting anal pressure below 10 mm Hg and maximum voluntary contraction pressure below 50 mm Hg are associated with persisting incontinence after surgery.",normal
"Benign missense variations in the cystic fibrosis gene. The common mutation causing cystic fibrosis is a deletion of phenylalanine 508 (delta F508), which occurs in a putative nucleotide-binding fold of the gene product. We report two additional mutations, substitution of cysteine for phenylalanine 508 (F508C) and substitution of valine for isoleucine 506 (I506V). Three compound heterozygous persons, two delta F508/F508C and one delta F508/I506V, had normal clinical and epithelial physiological studies indicating that the F508C and I506V mutations are benign. This opportunity to study the in vivo function of these mutations suggests that amino acid substitutions are more benign than changes in the length of this portion of the putative nucleotide-binding fold. These mutations must be taken into account when performing molecular diagnosis and carrier detection for cystic fibrosis.",normal
"Cranial nerve palsy in childhood acute lymphoblastic leukemia and non-Hodgkin's lymphoma. Forty-five children with acute lymphoblastic leukemia or non-Hodgkin's lymphoma had cranial nerve palsy (CNP) as a complication of their disease. Twenty-two of these children had CNP initially and 23, at relapse, with or without previous hematologic relapse. Only one of the 23 patients with CNP at relapse was a long-term survivor. In contrast, 11 of the 22 children who had CNP initially survived in remission for 3+ months to 13+ years. Two factors are associated with an improved outcome for patients with CNP at diagnosis: treatment after 1979 (P less than 0.004) and male gender (P less than 0.01). Patients who received radiation therapy fared better than those for whom radiation was not given (disease-free survival at 2 years 53% versus 29%). The authors conclude that CNP signifies an aggressive or advanced disease requiring intensive systemic chemotherapy and that the role of irradiation should be examined for this group of patients.",attention
"Imaging the gallbladder: a historical perspective. After Wilhelm Conrad Roentgen's discovery of the X-ray in 1895, it was initially thought that gallstones could not be visualized. Surgeons relied solely on the clinical examination to detect biliary disease. Today, no evaluation of the gallbladder would be complete without the performance of an imaging study. Radiology has gone through several eras in the imaging of gallstones. The plain film era, 1895-1924, was characterized by techniques that improved soft-tissue detail, allowing better detection of radiopaque stones. The contrast media era, 1924-1960, was initiated by the invention of IV cholecystography. In 1925, oral cholecystography was developed. During the era of expanding technology, 1960-1979, percutaneous transhepatic cholangiography, scintigraphy, and sonography came into use. The therapeutic era began in the 1980s.",normal
"Human atherosclerotic coronary artery xenografts: a model for investigation of transluminal recanalization. A model for testing transluminal recanalization techniques was developed. Fragments of human atherosclerotic coronary arteries were transplanted into carotid arteries of dogs and evaluated by angiographic, angioscopic, and histologic study within a three-month period. An inflammatory response was most intense within the first week. By two weeks no inflammation was noted. Total occlusion (n = 13) and stenosis (n = 11) of the carotid arteries were achieved without complications. The model is easy to produce within a short period and the arterial occlusion resembles human vascular disease. This model has been used to evaluate laser recanalization of vascular obstructions.",urgent
"Divergent effects of serotonin on coronary-artery dimensions and blood flow in patients with coronary atherosclerosis and control patients BACKGROUND. Studies in animals have shown that serotonin constricts coronary arteries if the endothelium is damaged, but in vitro studies have revealed a vasodilating effect on isolated coronary segments with an intact endothelium. To investigate the effect of serotonin in humans, we studied coronary-artery cross-sectional area and blood flow before and after the infusion of serotonin in seven patients with angiographically normal coronary arteries and in seven with coronary artery disease. METHODS. We measured the cross-sectional area of the coronary artery by quantitative angiography and coronary blood flow with an intracoronary Doppler catheter. Measurements were obtained at base line and during intracoronary infusions of serotonin (0.1, 1, and 10 micrograms per kilogram of body weight per minute, for two minutes). We repeated the measurements after an infusion of ketanserin, an antagonist of serotonin receptors that is thought to block the effect of serotonin on receptors in the arterial wall but not in the endothelium. RESULTS. In patients with normal coronary arteries, the highest dose of serotonin increased cross-sectional area by 52 percent (P less than 0.001) and blood flow by 58 percent (P less than 0.01). The effect was significantly potentiated by administration of ketanserin. In patients with coronary-artery atherosclerosis, serotonin reduced cross-sectional area by 64 percent (P less than 0.001) and blood flow by 59 percent (P less than 0.001). Ketanserin prevented this effect. CONCLUSIONS. Serotonin has a vasodilating effect on normal human coronary arteries; when the endothelium is damaged, as in coronary artery disease, serotonin has a direct, unopposed vasoconstricting effect. When considered with other evidence, these data suggest that platelet-derived factors such as serotonin may have a role in certain acute coronary ischemic syndromes.",urgent
Suppression of carbamazepine-induced rash with prednisone. We report our experience with 20 patients who developed a rash shortly after the introduction of carbamazepine and were treated with prednisone and an antihistamine. Sixteen patients were successfully continued on carbamazepine while 4 had to discontinue the drug.,attention
"Metabolic effects of cachectin/tumor necrosis factor are modified by site of production. Cachectin/tumor necrosis factor-secreting tumor in skeletal muscle induces chronic cachexia, while implantation in brain induces predominantly acute anorexia. We have developed a murine model of wasting by injecting intracerebrally cells which continuously secrete h-cachectin/TNF (CHO-TNF) to: (a) determine the effects of cachectin/TNF produced continuously in the central nervous system (CNS), and (b) compare the metabolic effects of cachectin/TNF-secreting tumor in the brain to the cachexia caused by CHO-TNF tumor in peripheral tissue (IM). Intracerebral CHO-TNF tumors produced increased serum h-cachectin/TNF levels with lethal hypophagia and weight loss (mean survival time of 11 d); these changes were not observed in association with nonsecretory control brain tumors. The metabolic consequences of intracerebral cachectin/TNF production were indistinguishable from acute, lethal starvation: whole-body lipid content was decreased significantly but protein was conserved. Although intramuscular cachectin/TNF-secreting tumors caused similar increases of serum h-cachectin/TNF levels, profound anorexia did not develop; wasting developed after a longer period of tumor burden (50 d) with classical signs of cachexia (i.e., anemia and depletion of both protein and lipid). These studies provide a reproducible animal model of site-specific cytokine production and suggest that, regardless of serum levels, cachectin/TNF produced locally in brain influences both the rate of development of wasting and its net metabolic effects.",normal
"Randomised single blind trial to compare the toxicity of subconjunctival gentamicin and cefuroxime in cataract surgery. Comparatively little attention has been paid to the conjunctival toxicity of antibiotics administered at the time of cataract surgery. We have observed the effect of subconjunctival gentamicin and cefuroxime injection, using colour photography in a randomised single blind trial of 121 patients undergoing routine cataract surgery. Our results suggest that a hyperaemic eye is likely to occur about twice as often in patients injected with gentamicin (p less than 0.001). Gentamicin is associated with more pain postoperatively (p less than 0.05). Significant manifestations of gentamicin toxicity are conjunctival oedema and capillary closure. Cefuroxime has some theoretical advantages over gentamicin in its antibacterial spectrum.",normal
"Documentation of the effective length of action of antihypertensive treatment. The technique of automated ambulatory blood pressure (BP) monitoring offers an innovative means for measuring BP throughout the 24-hour period. Recently available compact monitoring instruments have been shown to be accurate and to provide reproducible measurements of the circadian BP pattern. The monitoring procedure is advantageous in that it minimizes or avoids placebo effects during therapeutic trials. Moreover, its power makes it possible to draw statistically valid conclusions regarding efficacy in fewer patients than would be required if conventional methods were used. This procedure also enhances the diagnosis of hypertension by identifying patients with ""office"" or ""white coat"" hypertension, and thereby facilitates assessment of treatment effects in those patients who are truly hypertensive. Automated monitoring measures BP at critical times of the day, including the preawakening and early morning hours, and it enables peak and trough antihypertensive drug effects to be carefully quantified. Since patient compliance appears to be enhanced with once- or twice-daily dosing, antihypertensive agents with long durations of action (24 hours) are of considerable interest. This report reviews some recent studies in which the monitoring technique has been used to measure the efficacy and duration of action of differing antihypertensive drugs.",urgent
"Cardioprotective effects of amlodipine on ischemia and reperfusion in two experimental models. The cardioprotective effect of amlodipine, a long-acting dihydropyridine derivative, was studied in 2 experimental models of ischemia and reperfusion. Isolated and blood-perfused feline hearts were made globally ischemic for 60 minutes and then reperfused for 60 minutes. Alterations of left ventricular developed pressure and compliance were monitored in both amlodipine-treated hearts and saline-treated control animals. Changes in perfusion pressure indicated that amlodipine significantly reduced myocardial oxygen consumption and coronary vascular resistance. Furthermore, a progressive increase in resting left ventricular diastolic pressure indicated that amlodipine, administered before the onset of global ischemia, attenuated the development of ischemic contracture. Return of contractile function 60 minutes after reperfusion and maintenance of tissue concentrations of electrolytes were significantly better in the amlodipine-treated group than in the control animals. In intact canine hearts, regional myocardial ischemia was induced for 90 minutes, followed by 6 hours of reperfusion. Although the hemodynamic variables and the size of the region of risk did not differ significantly between treated animals and control animals, the infarct size was significantly smaller in the amlodipine-treated group than in the control animals, and a gradual reduction in coronary blood flow was observed in the control group that was prevented in the amlodipine group. A comparison of these findings with those observed with oxygen radical scavengers also is discussed. A detailed report of these studies was published in The American Journal of Cardiology (1989;64:101I-116I). This review is included here to maintain continuity of the symposium for the convenience of the reader.",urgent
"Candidal infection in oral lichen planus. The prevalence of candidal infection in lichen planus (LP) and its possible association with ulceration were independently examined in two archived series of 108 and 77 cases derived from two separate populations. To ensure that similar material was being compared, each case was histopathologically reassessed and confirmed as LP or reclassified as nonspecific lichenoid stomatitis (NSLS), lichenoid dysplasia (LD), or other (O). Three further sections, cut at 25 microns intervals, were stained with periodic acid-Schiff reagent for the identification of intraepithelial candidal pseudohyphae. As control specimens, 61 normal and 59 hyperkeratotic mucosal samples were similarly processed and examined. Candidal infection was found in 17.4% and 16.4% of ulcerated and nonulcerated LP cases, respectively, and in 40.0% and 16.7% of ulcerated and nonulcerated NSLS cases, respectively. One case of LD was infected. Each control series contained one infected case. The results indicate that candidal infection occurs more readily in LP and NSLS, with no apparent association with ulceration in LP. The comparatively marked increase in the infection prevalence of ulcerated NSLS cannot be statistically confirmed, and its significance remains uncertain.",normal
"Genetic cause of a juvenile form of Tay-Sachs disease in a Lebanese child. Abnormality in the beta-hexosaminidase alpha gene underlying the clinical phenotype of a Lebanese patient with a juvenile form of Tay-Sachs disease has been studied. Clinical features were progressive spasticity, ataxia, and cognitive decline. The protein coding sequence of several beta-hexosaminidase alpha-chain complementary DNAs isolated by polymerase chain reaction was completely normal except for a G-to-A transition at nucleotide position 1511 within exon 13, which resulted in substitution of the normal arginine 504 (CGC) with histidine (CAC). Although the patient was from a first-cousin marriage, she was heterozygous for this mutation. The abnormality in the other allele, which is carried by the father, was not identified, except that it is neither of the two mutations responsible for the infantile Jewish Tay-Sachs disease. Biosynthetic and immunoprecipitation studies in cultured fibroblasts showed synthesis of the alpha-chain precursor, but the mature form of the alpha-subunit was not detected.",attention
"Transesophageal Doppler color flow mapping assessment of atrial septal defect. Transesophageal Doppler color flow imaging was performed in 19 adult patients (mean age 35 years) with an atrial septal defect demonstrated by cardiac catheterization or at surgery, or both. The transesophageal study correctly identified and classified 19 of 19 shunts in contrast to 16 of 18 shunts identified by the transthoracic approach. The area of the atrial septal defect was calculated by assuming it to be circular and taking the maximal Doppler color flow jet width at the defect site as its diameter. The pulsed Doppler sample volume was placed parallel to the shunt flow direction at the defect site to obtain the mean velocity and flow duration. From these values, the shunt volume was calculated as a product of the defect area, mean velocity, flow duration and heart rate. The calculated shunt flow volume obtained by transesophageal study showed a good correlation with shunt flow volume (r = 0.91, p less than 0.001) and pulmonary to systemic blood flow ratio (r = 0.84, p less than 0.001) obtained at cardiac catheterization. The size of the defect by transesophageal Doppler color flow mapping correlated fairly well with the size estimated at surgery (r = 0.73, p = 0.004). It is concluded that transesophageal Doppler color flow imaging is useful in the detection and classification of atrial septal defects and in the assessment of shunt volumes.",urgent
"Termination of acute atrial fibrillation in the Wolff-Parkinson-White syndrome by procainamide and propafenone: importance of atrial fibrillatory cycle length. The effects of intravenous procainamide (n = 30) or propafenone (n = 25) were evaluated in 55 patients with acute atrial fibrillation and the Wolff-Parkinson-White syndrome. All patients received either procainamide (12 to 15 mg/kg body weight) or propafenone (1 to 2 mg/kg) during sustained (greater than 10 min) atrial fibrillation or after termination of nonsustained atrial fibrillation. Termination of atrial fibrillation was attributed to a drug if it occurred less than or equal to 15 min after infusion. Measurements included mean cycle length of fibrillatory electrograms (mean AA interval) as measured at the high right atrium and shortest RR interval between pre-excited cycles during atrial fibrillation. Atrial fibrillation terminated more frequently after procainamide administration (65%) than after propafenone (46%), although this difference was not significant. Procainamide prolonged the shortest pre-excited RR interval (228 +/- 41 to 339 +/- 23 ms, p = 0.0001) as did propafenone (215 +/- 40 to 415 +/- 198 ms, p = 0.0001) and the magnitude of increase was greater for propafenone (p = 0.048). Patients with sustained atrial fibrillation had shorter mean AA intervals than did their counterparts with nonsustained atrial fibrillation (123 +/- 25 versus 186 +/- 35 ms, p = 0.0001). Termination of sustained atrial fibrillation by either drug was accompanied by prolongation of the mean AA interval but not necessarily by the shortest pre-excited RR interval. Termination of atrial fibrillation was heralded by a 68% increase in the mean AA interval after procainamide administration compared with a 30% increase when the arrhythmia persisted. For propafenone the increases were 90% and 68%, respectively.",urgent
"Alternating cisplatinum and VAC ineffective in end stage squamous cell carcinoma of the head and neck. Sixteen patients with end stage squamous cell carcinoma of the head and neck were admitted to a phase II study of alternating courses of cisplatinum (100 mg/m2) and VAC (vincristine 1.4 mg/m2, adriamycin 50 mg/m2, cyclophosphamide 750 mg/m2) given at three weekly intervals. Only two patients achieved a response (12 per cent). The median survival time was 62 days which is much the same as that of a similar group of patients who received no chemotherapy in a previous trial (70 days).",attention
"Choroidal osteoma (osseous choristoma): an atypical case. A case of choroidal osteoma presenting in a 22-year-old girl is reported. The tumour, unilateral and in a juxtapapillary site, appeared markedly elevated on the retinal plane, not flat or slightly elevated as in previous reports. Visual acuity was not affected, and there was a complete absence of subjective symptoms. Echography, fluorangiography, computerised tomography, and visual field tests were performed. Echography is the best method for identifying and differentiating this lesion from a malignant tumour.",attention
"Rehabilitation of quadriparesis secondary to spinal cord sarcoidosis. Sarcoidosis is a multisystem granulomatous disorder that rarely involves the spinal cord. This report describes the presentation and rehabilitative course of a 31-yr-old man with quadriparesis secondary to spinal cord sarcoidosis. The patient had insidious, progressive weakness in his arms and legs for six weeks before evaluation. Examination revealed a C4 incomplete spinal cord injury. Computed tomography demonstrated an intrinsic cord lesion from the brainstem to approximately T8. Magnetic resonance imaging (MRI) suggested the lesion was granulomatous and cervical laminectomy confirmed noncaseating granulomas. The patient was started on high dose steroids, subsequently gained strength in the distal upper extremities, and was sent for spinal cord rehabilitation. Examination revealed 3 to 4+/5 strength in the upper extremities, 2- to 3-/5 in the lower extremities. The right side was slightly stronger than the left, with proximal musculature stronger than distal. Sensory examination was intact except in the C-8 to T-2 dermatomes. The patient was dependent in self-care and mobility except for feeding. Initial progress was inhibited by severe spasticity requiring medication, but by discharge he was independent at the wheelchair level with 4/5 strength in all four extremities except for his hands, which had 3/5 strength. Sensory exam did not change. Follow-up MRI studies revealed reduction of the lesion. Review of previous cases revealed that myelopathy is the most common presenting complaint and cervical segments are most commonly involved. Survival averaged almost three years and significant gains were made in functional status. Rehabilitative course and special considerations, treatment and follow-up recommendations are discussed.",attention
"Course of diabetic retinopathy following cataract surgery Five patients with mild to moderate retinopathy to both eyes underwent complication-free cataract surgery in one eye. Within three months of surgery deterioration of the retinopathy was observed in the operated eye only. In four patients there was an increase of intraretinal haemorrhages and hard exudates, accompanied by clinically significant macular oedema manifested as retinal thickening and extensive fluorescein leakage from both the macular and the peripapillary capillary networks. Of these four patients one also developed retinal ischaemia, evident ophthalmoscopically by flame-shaped haemorrhages and cotton-wool spots and angiographically by areas of capillary non-perfusion. The fifth patient showed proliferation of new blood vessels and vitreous haemorrhage. Diabetic patients scheduled for cataract surgery should undergo a thorough preoperative evaluation of any existing retinopathy. Postoperatively they should be followed up at close intervals so that any progression of retinopathy can be promptly detected and considered for laser treatment.",urgent
Spinal coning after lumbar puncture in prostate cancer with asymptomatic vertebral metastasis: a case report. A 60-year-old man was admitted to our hospital for complete urinary retention. Prostate cancer was diagnosed and anti-cancer chemotherapy was administered. Regression of prostatic enlargement was appreciated and difficult urination improved. At 6 months after the initial treatment vertebral metastasis of T10-11 was noted on a bone scintigram but there were no symptoms induced by bone metastasis. Orchiectomy was performed with the patient under lumbar anesthesia. Complete paralysis of both lower extremities occurred postoperatively. Computerized tomography and myelographic findings demonstrated complete subarachnoid block with an extramedullary spinal cord tumor. It was concluded that traction on the spinal cord producing neurological deterioration (spinal coning) occurred after removal of the cerebrospinal fluid by lumbar puncture.,attention
"The predictive value of needle localization mammographically assisted biopsy of the breast. This study was done to review critically the experience at the University of California at San Diego in needle localization mammographic biopsy of the breast with regard to use and accuracy in identifying early carcinoma of the breast. Ninety-seven patients underwent needle localization mammographic biopsy of the breast between 1985 and 1987. Indications for this procedure included the presence of microcalcifications or a mass shown on mammographic examination, or both, in conjunction with physical examination which did not define a discrete abnormality in the area. Mammographic, demographic, pathologic, hormone receptor data and staging information were recorded and processed on the MicroVax II computer (Digital Equipment Corporation). Twenty-four per cent of lesions with needle localization mammographic assisted biopsy proved to be malignant. Sixteen lesions were diagnosed as an infiltrating ductal carcinoma and ten of these had an accompanying intraductal carcinoma. Over-all, intraductal carcinoma was present in 16 of the 23 specimens diagnosed as malignant. At biopsy, the margins were clear in 17 of 23, and vascular invasion was present in only one patient with an infiltrating lobular carcinoma. Five were tumor in situ, 12 were stage 1 and five were stage 2 (staging information was not available in one instance). Hormone receptor data were available in 17 of 23 specimens. Estrogen receptors were positive in 13 and progesterone receptors were positive in six. The smallest preinvasive malignant lesion was 4 millimeters, as seen on the mammogram, and the smallest free-standing invasive lesion was 8 millimeters. Preinvasive lesions (intraductal) presented as microcalcifications in 80 per cent. Invasive lesions presented as either a mass (n = 9) or as a mass and microcalcifications (n = 5) in 81 per cent. All five lesions presenting as both a mass and microcalcifications on mammogram proved to be malignant. Multifocal lesions on mammographic examination which proved to be malignant were multifocal pathologically in only 50 per cent. Needle localization mammographic biopsy is useful in detecting early carcinoma of the breast. Biopsy should be done on lesions presenting on mammogram as both a mass and microcalcifications and not observed. Focality of lesions on mammogram does not correlate with focality on biopsy and may be misleading as criteria for operative planning.",attention
"The management of mid-face fractures with intracranial injury. Recent advances have radically changed the management of facial fractures. CT scanning, extensive exposure, and rigid plate fixation in the setting of the trauma center have permitted early operation with improved results. A subset of patients with facial fractures will also have intracranial injuries (ICI). We sought to identify parameters associated with an increased risk for ICI. We also sought to examine the safety and limits of early craniofacial repair in patients with intracranial injuries. Of 114 mid-face fractures treated over a 1-year period, 43 (38%) had a concomitant ICI. The majority, 36 (84%), were from motor vehicle accidents (MVA). Frontal sinus and orbitoethmoid fractures were at the highest risk for ICI, although orbitozygomatic fractures caused by MVAs also had a surprisingly high incidence of ICI. Our results show that early craniofacial repair can be performed safely with appropriate general surgical and neurosurgical support.",attention
"Pineal hyperactivity in spontaneously hypertensive rats: muscarinic regulation of indole metabolism. 1. Choline acetyltransferase activity and [3H]quinuclidinyl benzylate-binding sites were detected in the pineal gland of normotensive Wistar-Kyoto rats and of spontaneously hypertensive rats. 2. In vitro, muscarinic activation by pilocarpine increased the pineal metabolic production of hydroxyindole derivatives up to 5-hydroxytryptamine and produced a less marked stimulation of melatonin biosynthesis. 3. Electrical field stimulation of pineal gland slices caused similar metabolic effects. 4. Muscarinic blockade with atropine inhibited the effects on hydroxyindole metabolism. 5. [3H]Quinuclidinyl benzylate-binding sites, indicative of muscarinic receptors, were more numerous, and basal 5-hydroxytryptamine and melatonin levels were higher, in the pineal gland of spontaneously hypertensive rats compared with Wistar-Kyoto rats. 6. The atropine-sensitive metabolic effects of pilocarpine and electrical field stimulation on the pineal gland were increased in spontaneously hypertensive rats compared with Wistar-Kyoto rats.",urgent
"In vivo technetium-99m S12 antibody imaging of platelet alpha-granules in rabbit endothelial neointimal proliferation after angioplasty. To examine the specificity of technetium-99m monoclonal antibody (S12) imaging for identifying activated platelets at interventional injury sites in atherosclerotic rabbit arteries, subgroups of unheparinized rabbits (n = 39) underwent serial percutaneous transluminal aortic angioplasty (PTA) procedures (with or without intravascular stent placement) followed by in vivo and then ex vivo gamma camera imaging, scanning, and immunoelectron microscopy to determine the intravascular loci of S12 Fab' antibody binding. Despite angiographic vessel patency, image-derived ratios of in vivo S12 binding in injured versus uninjured vascular segments were significantly increased (p less than 0.05) after one PTA (1.3 +/- 0.17, n = 7), PTA twice at 6-week intervals (1.4 +/- 0.22, n = 7), and PTA plus stent placement (1.6 +/- 0.28, n = 7) compared with control experiments (1.1 +/- 0.13, n = 7). Ex vivo imaging of blood-free excised aortas confirmed S12 localization at PTA (2 +/- 0.4, n = 3) and PTA plus stent placement (5 +/- 3.8, n = 7) sites (both p less than 0.05 versus controls). S12 antibody uptake decreased significantly (p less than 0.05) at 1 week after PTA plus stent placement in vivo (1.1 +/- 0.10, n = 4) and ex vivo (1.6 +/- 0.7, n = 3). Electron microscopic studies confirmed dense platelet, fibrin, and red blood cell deposition in regions of acute injury, with endothelial neointimal proliferation at 1 week after PTA. Immunoelectron microscopic studies confirmed specific in vivo S12 binding (22:1 versus nonrelevant IgG) at sites of alpha-granule GMP-140 expression in activated platelets. Therefore, S12 studies may be useful to localize sites of platelet-derived mitogen release at arterial PTA injury sites.",urgent
"Endoscopic transpapillary therapy for disrupted pancreatic duct and peripancreatic fluid collections. Eighteen patients with active pancreatic ductal disruptions, including 14 with definable fluid collections, were treated with transpapillary pancreatic duct drains or stents. Twelve of these patients had undergone a previous percutaneous or surgical pancreatic drainage procedure or both, and 8 had long-term drainage tubes in chronic fistulous tracts. Transpapillary catheters could be placed across the ductal disruption or directly into the fluid collection in each case, and 16 of 18 patients had resolution of the disrupted pancreatic duct. Twelve of 14 fluid collections resolved. Complications were limited to mild exacerbation of pancreatitis symptoms in 2 patients and 2 patients who developed subsequent stent occlusion leading to recurrent pancreatitis (1 patient) or recurrent duct blowout with pseudocyst (1 patient). Nine patients had variably significant ductal changes attributable to pancreatic duct stents. At a median follow-up of 16 months, 7 patients ultimately required surgery for ongoing pancreatic pain or residual/recurrent fluid collection. The transpapillary treatment of ongoing pancreatic ductal disruption with or without fluid collection has the potential to obviate surgery in some patients, change an urgent surgical procedure into an elective one, or even assist the surgeon in the performance of intraoperative pancreatography. Further study of this technique appears warranted and must be placed into the perspective of current therapies.",normal
"Decreased local toxicity with subcutaneous diamorphine (heroin): a preliminary report. We report the cases of 5 patients who developed severe local toxicity during the subcutaneous administration of morphine sulphate and hydromorphone hydrochloride. All patients required site changes more frequently than once every 24 h due to redness, swelling, or pain while receiving morphine or hydromorphone. All patients showed prolongation in the duration of sites of infusion once an equianalgesic dose of diamorphine hydrochloride (heroin) was started. No change in pain control or systemic toxicity was detected with diamorphine. These findings suggest that diamorphine could be a useful alternative for patients who develop severe toxicity to subcutaneous morphine or hydromorphone.",attention
"Treatment of human melanoma hepatic metastases in nude mice with human cytotoxic T lymphocytes. We investigated the effects of human melanoma-specific cytotoxic T lymphocytes in treating experimental human melanoma hepatic metastases in a nude mouse model of adoptive immunotherapy. Hepatic metastases were generated by intrasplenic injection of 1.5 x 10(6) human melanoma cells. Three days after injection, animals received salt solution and interleukin 2 or interleukin 2 and cytotoxic T lymphocytes. Twenty-four of 25 control animals had developed multiple tumor nodules in the liver; 11 of 13 animals receiving only interleukin 2 also had significant tumor burdens. In striking contrast, 17 of 18 animals receiving cytotoxic T lymphocytes and interleukin 2 had no gross or histologic evidence of tumors. The remaining animal had a 2-mm nodule. Human tumor-specific cytotoxic T lymphocytes are effective in vivo in a model of adoptive immunotherapy and may prove useful in adoptive immunotherapy of humans with metastatic melanoma.",attention
"The efficacy of comprehensive neck dissection with or without postoperative radiotherapy in nodal metastases of squamous cell carcinoma of the upper respiratory and digestive tracts. Neck recurrence-free curves corrected for local recurrence were compared for 494 patients who underwent 565 comprehensive neck dissections. In 42 dissections, no radicality could be obtained. Of the 523 histologically radical dissections, examination revealed tumor in 352 cases. Patients in whom three or more positive nodes or extranodal spread in one or more nodes were found received postoperative radiotherapy. In the histologically N0 group, the incidence of neck recurrence after 5 years was 3%; in the N+ group as a whole, it was 10%. Analysis of the influence of extranodal spread and the number of positive nodes showed that the group with one or two positive nodes without extranodal spread (that did not receive postoperative radiotherapy) did not statistically differ from the other groups. This suggests that the results of the group with one or two positive nodes without extranodal spread can be improved by postoperative radiotherapy.",attention
"Prospective randomized multicenter comparison of in situ and reversed vein infrapopliteal bypasses. We have performed a prospective, randomized, multicenter study to compare in situ and reversed vein grafts for long limb salvage bypasses from the proximal thigh to an infrapopliteal artery. Three hundred eighty-four patients required an infrapopliteal bypass for critical lower extremity ischemia. Of these, 259 were excluded because a short vein bypass was performed or because the vein was considered inadequate. The remaining 125 patients had a randomized vein bypass, 63 reversed, 62 in situ. The two groups were similar with regard to risk factors, indications, graft dimensions, and outflow. Secondary patency at 30 months was similar for both techniques: reversed 67% +/- 9% (+/- SE); in situ 69% +/- 8%. For veins less than or equal to 3.0 mm in minimum distended diameter 24-month patency rates were 61% +/- 22% for 12 in situ veins and 37% +/- 29% for 10 reversed veins (p greater than 0.05). Angiographic evaluation of failing grafts revealed lesions similar in type and frequency in both types of grafts. These included focal (in situ, n = 4; reversed, n = 7) and diffuse vein hyperplasia (in situ, n = 2; reversed, n = 1), and inflow and outflow stenoses (in situ, n = 4; reversed, n = 3). The incidence of wound complications and the mortality rate were similar for the two groups. These data show no significant difference in overall patency rates for the two types of vein grafts at 2 1/2 years.",urgent
